# SR-75 10 km terrain mesh generated from DEM
# source_dem=/mnt/e/ardupilot_dev/ardupilot_gazebo/data/sr75_dem_10km/processed/sr75_srtm_10km_utm43_30m.tif
# grid=57x57 step=6 reference_elevation=236.000
o sr75_terrain_10km
mtllib sr75_terrain_10km.mtl
usemtl sr75_terrain_mat
v -5040.000 5010.000 -3.000
v -4859.463 5010.000 -2.000
v -4678.925 5010.000 -3.000
v -4498.388 5010.000 -4.000
v -4317.851 5010.000 -1.000
v -4137.313 5010.000 1.000
v -3956.776 5010.000 -1.000
v -3776.239 5010.000 -2.000
v -3595.701 5010.000 -2.000
v -3415.164 5010.000 0.000
v -3234.627 5010.000 0.000
v -3054.090 5010.000 -2.000
v -2873.552 5010.000 -1.000
v -2693.015 5010.000 -2.000
v -2512.478 5010.000 -1.000
v -2331.940 5010.000 -1.000
v -2151.403 5010.000 0.000
v -1970.866 5010.000 -1.000
v -1790.328 5010.000 0.000
v -1609.791 5010.000 -2.000
v -1429.254 5010.000 2.000
v -1248.716 5010.000 -1.000
v -1068.179 5010.000 1.000
v -887.642 5010.000 0.000
v -707.104 5010.000 -1.000
v -526.567 5010.000 -1.000
v -346.030 5010.000 1.000
v -165.493 5010.000 -1.000
v 15.045 5010.000 1.000
v 195.582 5010.000 0.000
v 376.119 5010.000 0.000
v 556.657 5010.000 1.000
v 737.194 5010.000 0.000
v 917.731 5010.000 2.000
v 1098.269 5010.000 1.000
v 1278.806 5010.000 0.000
v 1459.343 5010.000 -1.000
v 1639.881 5010.000 5.000
v 1820.418 5010.000 2.000
v 2000.955 5010.000 2.000
v 2181.493 5010.000 0.000
v 2362.030 5010.000 3.000
v 2542.567 5010.000 0.000
v 2723.104 5010.000 -1.000
v 2903.642 5010.000 1.000
v 3084.179 5010.000 2.000
v 3264.716 5010.000 0.000
v 3445.254 5010.000 0.000
v 3625.791 5010.000 2.000
v 3806.328 5010.000 2.000
v 3986.866 5010.000 1.000
v 4167.403 5010.000 0.000
v 4347.940 5010.000 2.000
v 4528.478 5010.000 4.000
v 4709.015 5010.000 2.000
v 4889.552 5010.000 1.000
v 5040.000 5010.000 2.000
v -5040.000 4829.459 -2.000
v -4859.463 4829.459 -2.000
v -4678.925 4829.459 -3.000
v -4498.388 4829.459 -2.000
v -4317.851 4829.459 -3.000
v -4137.313 4829.459 -3.000
v -3956.776 4829.459 -2.000
v -3776.239 4829.459 -2.000
v -3595.701 4829.459 -2.000
v -3415.164 4829.459 -2.000
v -3234.627 4829.459 0.000
v -3054.090 4829.459 -1.000
v -2873.552 4829.459 -2.000
v -2693.015 4829.459 0.000
v -2512.478 4829.459 -1.000
v -2331.940 4829.459 -2.000
v -2151.403 4829.459 -3.000
v -1970.866 4829.459 0.000
v -1790.328 4829.459 -2.000
v -1609.791 4829.459 1.000
v -1429.254 4829.459 1.000
v -1248.716 4829.459 0.000
v -1068.179 4829.459 0.000
v -887.642 4829.459 1.000
v -707.104 4829.459 -1.000
v -526.567 4829.459 1.000
v -346.030 4829.459 0.000
v -165.493 4829.459 0.000
v 15.045 4829.459 1.000
v 195.582 4829.459 0.000
v 376.119 4829.459 0.000
v 556.657 4829.459 2.000
v 737.194 4829.459 1.000
v 917.731 4829.459 2.000
v 1098.269 4829.459 0.000
v 1278.806 4829.459 1.000
v 1459.343 4829.459 -1.000
v 1639.881 4829.459 3.000
v 1820.418 4829.459 1.000
v 2000.955 4829.459 0.000
v 2181.493 4829.459 2.000
v 2362.030 4829.459 0.000
v 2542.567 4829.459 1.000
v 2723.104 4829.459 1.000
v 2903.642 4829.459 1.000
v 3084.179 4829.459 -1.000
v 3264.716 4829.459 0.000
v 3445.254 4829.459 1.000
v 3625.791 4829.459 -2.000
v 3806.328 4829.459 0.000
v 3986.866 4829.459 0.000
v 4167.403 4829.459 0.000
v 4347.940 4829.459 4.000
v 4528.478 4829.459 1.000
v 4709.015 4829.459 5.000
v 4889.552 4829.459 2.000
v 5040.000 4829.459 0.000
v -5040.000 4648.919 -3.000
v -4859.463 4648.919 -4.000
v -4678.925 4648.919 -3.000
v -4498.388 4648.919 -2.000
v -4317.851 4648.919 -4.000
v -4137.313 4648.919 -2.000
v -3956.776 4648.919 -2.000
v -3776.239 4648.919 -2.000
v -3595.701 4648.919 -2.000
v -3415.164 4648.919 -1.000
v -3234.627 4648.919 -2.000
v -3054.090 4648.919 -2.000
v -2873.552 4648.919 1.000
v -2693.015 4648.919 -1.000
v -2512.478 4648.919 -2.000
v -2331.940 4648.919 -2.000
v -2151.403 4648.919 -1.000
v -1970.866 4648.919 1.000
v -1790.328 4648.919 0.000
v -1609.791 4648.919 -2.000
v -1429.254 4648.919 -1.000
v -1248.716 4648.919 -2.000
v -1068.179 4648.919 1.000
v -887.642 4648.919 -2.000
v -707.104 4648.919 -2.000
v -526.567 4648.919 0.000
v -346.030 4648.919 1.000
v -165.493 4648.919 1.000
v 15.045 4648.919 -1.000
v 195.582 4648.919 -1.000
v 376.119 4648.919 0.000
v 556.657 4648.919 0.000
v 737.194 4648.919 1.000
v 917.731 4648.919 -1.000
v 1098.269 4648.919 1.000
v 1278.806 4648.919 3.000
v 1459.343 4648.919 1.000
v 1639.881 4648.919 0.000
v 1820.418 4648.919 0.000
v 2000.955 4648.919 0.000
v 2181.493 4648.919 -1.000
v 2362.030 4648.919 1.000
v 2542.567 4648.919 -1.000
v 2723.104 4648.919 3.000
v 2903.642 4648.919 2.000
v 3084.179 4648.919 1.000
v 3264.716 4648.919 1.000
v 3445.254 4648.919 2.000
v 3625.791 4648.919 0.000
v 3806.328 4648.919 2.000
v 3986.866 4648.919 2.000
v 4167.403 4648.919 0.000
v 4347.940 4648.919 -2.000
v 4528.478 4648.919 1.000
v 4709.015 4648.919 -1.000
v 4889.552 4648.919 1.000
v 5040.000 4648.919 0.000
v -5040.000 4468.378 -2.000
v -4859.463 4468.378 -2.000
v -4678.925 4468.378 -3.000
v -4498.388 4468.378 -3.000
v -4317.851 4468.378 -3.000
v -4137.313 4468.378 -4.000
v -3956.776 4468.378 -2.000
v -3776.239 4468.378 -3.000
v -3595.701 4468.378 -3.000
v -3415.164 4468.378 -2.000
v -3234.627 4468.378 0.000
v -3054.090 4468.378 1.000
v -2873.552 4468.378 -2.000
v -2693.015 4468.378 -2.000
v -2512.478 4468.378 -1.000
v -2331.940 4468.378 -1.000
v -2151.403 4468.378 -2.000
v -1970.866 4468.378 0.000
v -1790.328 4468.378 -1.000
v -1609.791 4468.378 -2.000
v -1429.254 4468.378 -3.000
v -1248.716 4468.378 3.000
v -1068.179 4468.378 -1.000
v -887.642 4468.378 0.000
v -707.104 4468.378 0.000
v -526.567 4468.378 -1.000
v -346.030 4468.378 0.000
v -165.493 4468.378 1.000
v 15.045 4468.378 -1.000
v 195.582 4468.378 1.000
v 376.119 4468.378 0.000
v 556.657 4468.378 -1.000
v 737.194 4468.378 0.000
v 917.731 4468.378 -1.000
v 1098.269 4468.378 -2.000
v 1278.806 4468.378 -1.000
v 1459.343 4468.378 1.000
v 1639.881 4468.378 -1.000
v 1820.418 4468.378 1.000
v 2000.955 4468.378 -2.000
v 2181.493 4468.378 0.000
v 2362.030 4468.378 -1.000
v 2542.567 4468.378 1.000
v 2723.104 4468.378 1.000
v 2903.642 4468.378 0.000
v 3084.179 4468.378 0.000
v 3264.716 4468.378 3.000
v 3445.254 4468.378 -1.000
v 3625.791 4468.378 -1.000
v 3806.328 4468.378 2.000
v 3986.866 4468.378 2.000
v 4167.403 4468.378 1.000
v 4347.940 4468.378 -1.000
v 4528.478 4468.378 3.000
v 4709.015 4468.378 0.000
v 4889.552 4468.378 2.000
v 5040.000 4468.378 2.000
v -5040.000 4287.838 -2.000
v -4859.463 4287.838 -3.000
v -4678.925 4287.838 -2.000
v -4498.388 4287.838 -3.000
v -4317.851 4287.838 -2.000
v -4137.313 4287.838 -3.000
v -3956.776 4287.838 -4.000
v -3776.239 4287.838 -2.000
v -3595.701 4287.838 -1.000
v -3415.164 4287.838 0.000
v -3234.627 4287.838 -2.000
v -3054.090 4287.838 -1.000
v -2873.552 4287.838 -3.000
v -2693.015 4287.838 -1.000
v -2512.478 4287.838 1.000
v -2331.940 4287.838 -1.000
v -2151.403 4287.838 -2.000
v -1970.866 4287.838 -1.000
v -1790.328 4287.838 2.000
v -1609.791 4287.838 -1.000
v -1429.254 4287.838 -1.000
v -1248.716 4287.838 1.000
v -1068.179 4287.838 1.000
v -887.642 4287.838 0.000
v -707.104 4287.838 0.000
v -526.567 4287.838 0.000
v -346.030 4287.838 0.000
v -165.493 4287.838 0.000
v 15.045 4287.838 0.000
v 195.582 4287.838 0.000
v 376.119 4287.838 0.000
v 556.657 4287.838 1.000
v 737.194 4287.838 1.000
v 917.731 4287.838 1.000
v 1098.269 4287.838 -1.000
v 1278.806 4287.838 1.000
v 1459.343 4287.838 0.000
v 1639.881 4287.838 1.000
v 1820.418 4287.838 1.000
v 2000.955 4287.838 1.000
v 2181.493 4287.838 1.000
v 2362.030 4287.838 3.000
v 2542.567 4287.838 2.000
v 2723.104 4287.838 1.000
v 2903.642 4287.838 1.000
v 3084.179 4287.838 0.000
v 3264.716 4287.838 0.000
v 3445.254 4287.838 1.000
v 3625.791 4287.838 2.000
v 3806.328 4287.838 2.000
v 3986.866 4287.838 -1.000
v 4167.403 4287.838 0.000
v 4347.940 4287.838 1.000
v 4528.478 4287.838 3.000
v 4709.015 4287.838 1.000
v 4889.552 4287.838 0.000
v 5040.000 4287.838 0.000
v -5040.000 4107.297 -3.000
v -4859.463 4107.297 -2.000
v -4678.925 4107.297 -3.000
v -4498.388 4107.297 -4.000
v -4317.851 4107.297 -4.000
v -4137.313 4107.297 -4.000
v -3956.776 4107.297 -3.000
v -3776.239 4107.297 -4.000
v -3595.701 4107.297 -2.000
v -3415.164 4107.297 -2.000
v -3234.627 4107.297 0.000
v -3054.090 4107.297 -3.000
v -2873.552 4107.297 -2.000
v -2693.015 4107.297 2.000
v -2512.478 4107.297 -2.000
v -2331.940 4107.297 -1.000
v -2151.403 4107.297 -2.000
v -1970.866 4107.297 -2.000
v -1790.328 4107.297 -1.000
v -1609.791 4107.297 -1.000
v -1429.254 4107.297 -2.000
v -1248.716 4107.297 -1.000
v -1068.179 4107.297 0.000
v -887.642 4107.297 0.000
v -707.104 4107.297 -2.000
v -526.567 4107.297 -3.000
v -346.030 4107.297 0.000
v -165.493 4107.297 1.000
v 15.045 4107.297 0.000
v 195.582 4107.297 2.000
v 376.119 4107.297 2.000
v 556.657 4107.297 -1.000
v 737.194 4107.297 3.000
v 917.731 4107.297 1.000
v 1098.269 4107.297 0.000
v 1278.806 4107.297 0.000
v 1459.343 4107.297 0.000
v 1639.881 4107.297 0.000
v 1820.418 4107.297 0.000
v 2000.955 4107.297 2.000
v 2181.493 4107.297 -1.000
v 2362.030 4107.297 2.000
v 2542.567 4107.297 0.000
v 2723.104 4107.297 1.000
v 2903.642 4107.297 -1.000
v 3084.179 4107.297 0.000
v 3264.716 4107.297 0.000
v 3445.254 4107.297 3.000
v 3625.791 4107.297 0.000
v 3806.328 4107.297 2.000
v 3986.866 4107.297 -1.000
v 4167.403 4107.297 0.000
v 4347.940 4107.297 3.000
v 4528.478 4107.297 0.000
v 4709.015 4107.297 2.000
v 4889.552 4107.297 -1.000
v 5040.000 4107.297 2.000
v -5040.000 3926.757 -2.000
v -4859.463 3926.757 -3.000
v -4678.925 3926.757 -2.000
v -4498.388 3926.757 -5.000
v -4317.851 3926.757 -2.000
v -4137.313 3926.757 -4.000
v -3956.776 3926.757 -2.000
v -3776.239 3926.757 -2.000
v -3595.701 3926.757 0.000
v -3415.164 3926.757 -3.000
v -3234.627 3926.757 -2.000
v -3054.090 3926.757 0.000
v -2873.552 3926.757 -2.000
v -2693.015 3926.757 -1.000
v -2512.478 3926.757 -1.000
v -2331.940 3926.757 0.000
v -2151.403 3926.757 -2.000
v -1970.866 3926.757 -2.000
v -1790.328 3926.757 -2.000
v -1609.791 3926.757 0.000
v -1429.254 3926.757 1.000
v -1248.716 3926.757 0.000
v -1068.179 3926.757 -2.000
v -887.642 3926.757 -1.000
v -707.104 3926.757 -2.000
v -526.567 3926.757 1.000
v -346.030 3926.757 0.000
v -165.493 3926.757 0.000
v 15.045 3926.757 0.000
v 195.582 3926.757 1.000
v 376.119 3926.757 0.000
v 556.657 3926.757 1.000
v 737.194 3926.757 2.000
v 917.731 3926.757 -1.000
v 1098.269 3926.757 1.000
v 1278.806 3926.757 1.000
v 1459.343 3926.757 1.000
v 1639.881 3926.757 2.000
v 1820.418 3926.757 -1.000
v 2000.955 3926.757 0.000
v 2181.493 3926.757 1.000
v 2362.030 3926.757 -1.000
v 2542.567 3926.757 0.000
v 2723.104 3926.757 1.000
v 2903.642 3926.757 2.000
v 3084.179 3926.757 0.000
v 3264.716 3926.757 2.000
v 3445.254 3926.757 2.000
v 3625.791 3926.757 0.000
v 3806.328 3926.757 -2.000
v 3986.866 3926.757 0.000
v 4167.403 3926.757 0.000
v 4347.940 3926.757 2.000
v 4528.478 3926.757 -2.000
v 4709.015 3926.757 0.000
v 4889.552 3926.757 1.000
v 5040.000 3926.757 1.000
v -5040.000 3746.216 -2.000
v -4859.463 3746.216 -3.000
v -4678.925 3746.216 -2.000
v -4498.388 3746.216 -3.000
v -4317.851 3746.216 -2.000
v -4137.313 3746.216 -3.000
v -3956.776 3746.216 -3.000
v -3776.239 3746.216 -2.000
v -3595.701 3746.216 -1.000
v -3415.164 3746.216 -3.000
v -3234.627 3746.216 -2.000
v -3054.090 3746.216 -4.000
v -2873.552 3746.216 1.000
v -2693.015 3746.216 -3.000
v -2512.478 3746.216 -3.000
v -2331.940 3746.216 -2.000
v -2151.403 3746.216 -2.000
v -1970.866 3746.216 -1.000
v -1790.328 3746.216 -2.000
v -1609.791 3746.216 1.000
v -1429.254 3746.216 -2.000
v -1248.716 3746.216 0.000
v -1068.179 3746.216 2.000
v -887.642 3746.216 -1.000
v -707.104 3746.216 -1.000
v -526.567 3746.216 0.000
v -346.030 3746.216 1.000
v -165.493 3746.216 -1.000
v 15.045 3746.216 3.000
v 195.582 3746.216 3.000
v 376.119 3746.216 0.000
v 556.657 3746.216 -1.000
v 737.194 3746.216 -1.000
v 917.731 3746.216 1.000
v 1098.269 3746.216 0.000
v 1278.806 3746.216 1.000
v 1459.343 3746.216 2.000
v 1639.881 3746.216 0.000
v 1820.418 3746.216 0.000
v 2000.955 3746.216 -1.000
v 2181.493 3746.216 0.000
v 2362.030 3746.216 1.000
v 2542.567 3746.216 2.000
v 2723.104 3746.216 0.000
v 2903.642 3746.216 0.000
v 3084.179 3746.216 0.000
v 3264.716 3746.216 0.000
v 3445.254 3746.216 2.000
v 3625.791 3746.216 1.000
v 3806.328 3746.216 0.000
v 3986.866 3746.216 1.000
v 4167.403 3746.216 2.000
v 4347.940 3746.216 0.000
v 4528.478 3746.216 0.000
v 4709.015 3746.216 1.000
v 4889.552 3746.216 -1.000
v 5040.000 3746.216 0.000
v -5040.000 3565.676 -3.000
v -4859.463 3565.676 -4.000
v -4678.925 3565.676 -2.000
v -4498.388 3565.676 -2.000
v -4317.851 3565.676 -5.000
v -4137.313 3565.676 -4.000
v -3956.776 3565.676 -1.000
v -3776.239 3565.676 -3.000
v -3595.701 3565.676 -3.000
v -3415.164 3565.676 -2.000
v -3234.627 3565.676 -4.000
v -3054.090 3565.676 -4.000
v -2873.552 3565.676 -3.000
v -2693.015 3565.676 -3.000
v -2512.478 3565.676 -3.000
v -2331.940 3565.676 -1.000
v -2151.403 3565.676 -3.000
v -1970.866 3565.676 -2.000
v -1790.328 3565.676 -1.000
v -1609.791 3565.676 -1.000
v -1429.254 3565.676 -3.000
v -1248.716 3565.676 -2.000
v -1068.179 3565.676 -3.000
v -887.642 3565.676 0.000
v -707.104 3565.676 1.000
v -526.567 3565.676 -1.000
v -346.030 3565.676 0.000
v -165.493 3565.676 -1.000
v 15.045 3565.676 -1.000
v 195.582 3565.676 1.000
v 376.119 3565.676 1.000
v 556.657 3565.676 0.000
v 737.194 3565.676 -2.000
v 917.731 3565.676 -1.000
v 1098.269 3565.676 2.000
v 1278.806 3565.676 0.000
v 1459.343 3565.676 1.000
v 1639.881 3565.676 1.000
v 1820.418 3565.676 0.000
v 2000.955 3565.676 3.000
v 2181.493 3565.676 2.000
v 2362.030 3565.676 1.000
v 2542.567 3565.676 0.000
v 2723.104 3565.676 0.000
v 2903.642 3565.676 1.000
v 3084.179 3565.676 2.000
v 3264.716 3565.676 0.000
v 3445.254 3565.676 -1.000
v 3625.791 3565.676 2.000
v 3806.328 3565.676 1.000
v 3986.866 3565.676 0.000
v 4167.403 3565.676 1.000
v 4347.940 3565.676 0.000
v 4528.478 3565.676 1.000
v 4709.015 3565.676 1.000
v 4889.552 3565.676 1.000
v 5040.000 3565.676 1.000
v -5040.000 3385.135 -2.000
v -4859.463 3385.135 -4.000
v -4678.925 3385.135 -3.000
v -4498.388 3385.135 -2.000
v -4317.851 3385.135 -3.000
v -4137.313 3385.135 -3.000
v -3956.776 3385.135 -3.000
v -3776.239 3385.135 -4.000
v -3595.701 3385.135 -1.000
v -3415.164 3385.135 -3.000
v -3234.627 3385.135 -2.000
v -3054.090 3385.135 -1.000
v -2873.552 3385.135 0.000
v -2693.015 3385.135 -1.000
v -2512.478 3385.135 -1.000
v -2331.940 3385.135 -3.000
v -2151.403 3385.135 -2.000
v -1970.866 3385.135 -4.000
v -1790.328 3385.135 -2.000
v -1609.791 3385.135 -4.000
v -1429.254 3385.135 -1.000
v -1248.716 3385.135 -2.000
v -1068.179 3385.135 0.000
v -887.642 3385.135 3.000
v -707.104 3385.135 -1.000
v -526.567 3385.135 0.000
v -346.030 3385.135 1.000
v -165.493 3385.135 0.000
v 15.045 3385.135 -1.000
v 195.582 3385.135 -1.000
v 376.119 3385.135 1.000
v 556.657 3385.135 0.000
v 737.194 3385.135 -1.000
v 917.731 3385.135 0.000
v 1098.269 3385.135 -1.000
v 1278.806 3385.135 0.000
v 1459.343 3385.135 0.000
v 1639.881 3385.135 3.000
v 1820.418 3385.135 3.000
v 2000.955 3385.135 3.000
v 2181.493 3385.135 -3.000
v 2362.030 3385.135 1.000
v 2542.567 3385.135 1.000
v 2723.104 3385.135 1.000
v 2903.642 3385.135 -1.000
v 3084.179 3385.135 1.000
v 3264.716 3385.135 -1.000
v 3445.254 3385.135 1.000
v 3625.791 3385.135 2.000
v 3806.328 3385.135 1.000
v 3986.866 3385.135 -1.000
v 4167.403 3385.135 0.000
v 4347.940 3385.135 0.000
v 4528.478 3385.135 -1.000
v 4709.015 3385.135 3.000
v 4889.552 3385.135 2.000
v 5040.000 3385.135 2.000
v -5040.000 3204.595 -3.000
v -4859.463 3204.595 -3.000
v -4678.925 3204.595 -2.000
v -4498.388 3204.595 -2.000
v -4317.851 3204.595 -2.000
v -4137.313 3204.595 -2.000
v -3956.776 3204.595 -5.000
v -3776.239 3204.595 -2.000
v -3595.701 3204.595 -1.000
v -3415.164 3204.595 -3.000
v -3234.627 3204.595 -5.000
v -3054.090 3204.595 -3.000
v -2873.552 3204.595 -3.000
v -2693.015 3204.595 -1.000
v -2512.478 3204.595 -3.000
v -2331.940 3204.595 -3.000
v -2151.403 3204.595 0.000
v -1970.866 3204.595 -3.000
v -1790.328 3204.595 -2.000
v -1609.791 3204.595 -2.000
v -1429.254 3204.595 0.000
v -1248.716 3204.595 -2.000
v -1068.179 3204.595 0.000
v -887.642 3204.595 -3.000
v -707.104 3204.595 0.000
v -526.567 3204.595 1.000
v -346.030 3204.595 0.000
v -165.493 3204.595 -2.000
v 15.045 3204.595 0.000
v 195.582 3204.595 1.000
v 376.119 3204.595 -2.000
v 556.657 3204.595 -1.000
v 737.194 3204.595 2.000
v 917.731 3204.595 -1.000
v 1098.269 3204.595 2.000
v 1278.806 3204.595 1.000
v 1459.343 3204.595 0.000
v 1639.881 3204.595 3.000
v 1820.418 3204.595 1.000
v 2000.955 3204.595 1.000
v 2181.493 3204.595 1.000
v 2362.030 3204.595 -2.000
v 2542.567 3204.595 0.000
v 2723.104 3204.595 1.000
v 2903.642 3204.595 2.000
v 3084.179 3204.595 1.000
v 3264.716 3204.595 0.000
v 3445.254 3204.595 1.000
v 3625.791 3204.595 -1.000
v 3806.328 3204.595 1.000
v 3986.866 3204.595 0.000
v 4167.403 3204.595 -1.000
v 4347.940 3204.595 0.000
v 4528.478 3204.595 3.000
v 4709.015 3204.595 3.000
v 4889.552 3204.595 2.000
v 5040.000 3204.595 0.000
v -5040.000 3024.054 -5.000
v -4859.463 3024.054 -2.000
v -4678.925 3024.054 -2.000
v -4498.388 3024.054 -2.000
v -4317.851 3024.054 -5.000
v -4137.313 3024.054 -3.000
v -3956.776 3024.054 -3.000
v -3776.239 3024.054 -1.000
v -3595.701 3024.054 -3.000
v -3415.164 3024.054 -3.000
v -3234.627 3024.054 -2.000
v -3054.090 3024.054 -4.000
v -2873.552 3024.054 -3.000
v -2693.015 3024.054 -2.000
v -2512.478 3024.054 -1.000
v -2331.940 3024.054 -1.000
v -2151.403 3024.054 -2.000
v -1970.866 3024.054 -2.000
v -1790.328 3024.054 0.000
v -1609.791 3024.054 0.000
v -1429.254 3024.054 -1.000
v -1248.716 3024.054 -1.000
v -1068.179 3024.054 -2.000
v -887.642 3024.054 -1.000
v -707.104 3024.054 -1.000
v -526.567 3024.054 0.000
v -346.030 3024.054 0.000
v -165.493 3024.054 0.000
v 15.045 3024.054 0.000
v 195.582 3024.054 -3.000
v 376.119 3024.054 -3.000
v 556.657 3024.054 0.000
v 737.194 3024.054 1.000
v 917.731 3024.054 0.000
v 1098.269 3024.054 1.000
v 1278.806 3024.054 -4.000
v 1459.343 3024.054 -2.000
v 1639.881 3024.054 -2.000
v 1820.418 3024.054 2.000
v 2000.955 3024.054 2.000
v 2181.493 3024.054 1.000
v 2362.030 3024.054 -1.000
v 2542.567 3024.054 -1.000
v 2723.104 3024.054 -1.000
v 2903.642 3024.054 0.000
v 3084.179 3024.054 2.000
v 3264.716 3024.054 0.000
v 3445.254 3024.054 0.000
v 3625.791 3024.054 2.000
v 3806.328 3024.054 -3.000
v 3986.866 3024.054 1.000
v 4167.403 3024.054 3.000
v 4347.940 3024.054 1.000
v 4528.478 3024.054 -1.000
v 4709.015 3024.054 0.000
v 4889.552 3024.054 -1.000
v 5040.000 3024.054 1.000
v -5040.000 2843.514 -2.000
v -4859.463 2843.514 -4.000
v -4678.925 2843.514 -3.000
v -4498.388 2843.514 -5.000
v -4317.851 2843.514 -5.000
v -4137.313 2843.514 -2.000
v -3956.776 2843.514 -4.000
v -3776.239 2843.514 -3.000
v -3595.701 2843.514 -4.000
v -3415.164 2843.514 -3.000
v -3234.627 2843.514 -2.000
v -3054.090 2843.514 -2.000
v -2873.552 2843.514 -3.000
v -2693.015 2843.514 -2.000
v -2512.478 2843.514 -3.000
v -2331.940 2843.514 -1.000
v -2151.403 2843.514 -2.000
v -1970.866 2843.514 -2.000
v -1790.328 2843.514 -2.000
v -1609.791 2843.514 -2.000
v -1429.254 2843.514 -1.000
v -1248.716 2843.514 -1.000
v -1068.179 2843.514 -4.000
v -887.642 2843.514 -3.000
v -707.104 2843.514 -3.000
v -526.567 2843.514 0.000
v -346.030 2843.514 0.000
v -165.493 2843.514 0.000
v 15.045 2843.514 0.000
v 195.582 2843.514 -1.000
v 376.119 2843.514 -3.000
v 556.657 2843.514 0.000
v 737.194 2843.514 -1.000
v 917.731 2843.514 0.000
v 1098.269 2843.514 -2.000
v 1278.806 2843.514 0.000
v 1459.343 2843.514 1.000
v 1639.881 2843.514 2.000
v 1820.418 2843.514 -1.000
v 2000.955 2843.514 0.000
v 2181.493 2843.514 1.000
v 2362.030 2843.514 1.000
v 2542.567 2843.514 5.000
v 2723.104 2843.514 1.000
v 2903.642 2843.514 2.000
v 3084.179 2843.514 -3.000
v 3264.716 2843.514 2.000
v 3445.254 2843.514 1.000
v 3625.791 2843.514 2.000
v 3806.328 2843.514 1.000
v 3986.866 2843.514 0.000
v 4167.403 2843.514 1.000
v 4347.940 2843.514 -1.000
v 4528.478 2843.514 2.000
v 4709.015 2843.514 2.000
v 4889.552 2843.514 1.000
v 5040.000 2843.514 1.000
v -5040.000 2662.973 -5.000
v -4859.463 2662.973 -3.000
v -4678.925 2662.973 -4.000
v -4498.388 2662.973 -3.000
v -4317.851 2662.973 -3.000
v -4137.313 2662.973 -3.000
v -3956.776 2662.973 -3.000
v -3776.239 2662.973 -3.000
v -3595.701 2662.973 -5.000
v -3415.164 2662.973 -3.000
v -3234.627 2662.973 -4.000
v -3054.090 2662.973 -3.000
v -2873.552 2662.973 -4.000
v -2693.015 2662.973 -3.000
v -2512.478 2662.973 -4.000
v -2331.940 2662.973 -2.000
v -2151.403 2662.973 -3.000
v -1970.866 2662.973 -1.000
v -1790.328 2662.973 -2.000
v -1609.791 2662.973 -4.000
v -1429.254 2662.973 -3.000
v -1248.716 2662.973 -2.000
v -1068.179 2662.973 0.000
v -887.642 2662.973 -1.000
v -707.104 2662.973 -3.000
v -526.567 2662.973 -2.000
v -346.030 2662.973 0.000
v -165.493 2662.973 1.000
v 15.045 2662.973 -2.000
v 195.582 2662.973 -2.000
v 376.119 2662.973 -2.000
v 556.657 2662.973 2.000
v 737.194 2662.973 -1.000
v 917.731 2662.973 -2.000
v 1098.269 2662.973 1.000
v 1278.806 2662.973 0.000
v 1459.343 2662.973 2.000
v 1639.881 2662.973 0.000
v 1820.418 2662.973 2.000
v 2000.955 2662.973 3.000
v 2181.493 2662.973 0.000
v 2362.030 2662.973 0.000
v 2542.567 2662.973 1.000
v 2723.104 2662.973 -2.000
v 2903.642 2662.973 1.000
v 3084.179 2662.973 1.000
v 3264.716 2662.973 -1.000
v 3445.254 2662.973 -2.000
v 3625.791 2662.973 3.000
v 3806.328 2662.973 1.000
v 3986.866 2662.973 -1.000
v 4167.403 2662.973 1.000
v 4347.940 2662.973 3.000
v 4528.478 2662.973 1.000
v 4709.015 2662.973 1.000
v 4889.552 2662.973 2.000
v 5040.000 2662.973 0.000
v -5040.000 2482.432 -2.000
v -4859.463 2482.432 -4.000
v -4678.925 2482.432 -3.000
v -4498.388 2482.432 -2.000
v -4317.851 2482.432 -1.000
v -4137.313 2482.432 -3.000
v -3956.776 2482.432 -2.000
v -3776.239 2482.432 -3.000
v -3595.701 2482.432 -2.000
v -3415.164 2482.432 -4.000
v -3234.627 2482.432 -2.000
v -3054.090 2482.432 -2.000
v -2873.552 2482.432 -3.000
v -2693.015 2482.432 -2.000
v -2512.478 2482.432 -3.000
v -2331.940 2482.432 0.000
v -2151.403 2482.432 -3.000
v -1970.866 2482.432 0.000
v -1790.328 2482.432 -1.000
v -1609.791 2482.432 -1.000
v -1429.254 2482.432 -2.000
v -1248.716 2482.432 -2.000
v -1068.179 2482.432 0.000
v -887.642 2482.432 0.000
v -707.104 2482.432 -3.000
v -526.567 2482.432 -2.000
v -346.030 2482.432 -3.000
v -165.493 2482.432 0.000
v 15.045 2482.432 -1.000
v 195.582 2482.432 -1.000
v 376.119 2482.432 -1.000
v 556.657 2482.432 0.000
v 737.194 2482.432 0.000
v 917.731 2482.432 -1.000
v 1098.269 2482.432 -1.000
v 1278.806 2482.432 0.000
v 1459.343 2482.432 -1.000
v 1639.881 2482.432 1.000
v 1820.418 2482.432 2.000
v 2000.955 2482.432 1.000
v 2181.493 2482.432 1.000
v 2362.030 2482.432 0.000
v 2542.567 2482.432 -2.000
v 2723.104 2482.432 -1.000
v 2903.642 2482.432 -2.000
v 3084.179 2482.432 -2.000
v 3264.716 2482.432 -3.000
v 3445.254 2482.432 0.000
v 3625.791 2482.432 -2.000
v 3806.328 2482.432 -4.000
v 3986.866 2482.432 2.000
v 4167.403 2482.432 -1.000
v 4347.940 2482.432 1.000
v 4528.478 2482.432 2.000
v 4709.015 2482.432 1.000
v 4889.552 2482.432 0.000
v 5040.000 2482.432 1.000
v -5040.000 2301.892 -1.000
v -4859.463 2301.892 -4.000
v -4678.925 2301.892 -2.000
v -4498.388 2301.892 -2.000
v -4317.851 2301.892 -2.000
v -4137.313 2301.892 -3.000
v -3956.776 2301.892 -2.000
v -3776.239 2301.892 -2.000
v -3595.701 2301.892 -3.000
v -3415.164 2301.892 -1.000
v -3234.627 2301.892 -2.000
v -3054.090 2301.892 -1.000
v -2873.552 2301.892 -2.000
v -2693.015 2301.892 -2.000
v -2512.478 2301.892 -3.000
v -2331.940 2301.892 -4.000
v -2151.403 2301.892 -2.000
v -1970.866 2301.892 -3.000
v -1790.328 2301.892 -2.000
v -1609.791 2301.892 -4.000
v -1429.254 2301.892 -3.000
v -1248.716 2301.892 -2.000
v -1068.179 2301.892 -2.000
v -887.642 2301.892 -4.000
v -707.104 2301.892 1.000
v -526.567 2301.892 -1.000
v -346.030 2301.892 -2.000
v -165.493 2301.892 -2.000
v 15.045 2301.892 -2.000
v 195.582 2301.892 -3.000
v 376.119 2301.892 -3.000
v 556.657 2301.892 -1.000
v 737.194 2301.892 -1.000
v 917.731 2301.892 1.000
v 1098.269 2301.892 -2.000
v 1278.806 2301.892 -2.000
v 1459.343 2301.892 1.000
v 1639.881 2301.892 0.000
v 1820.418 2301.892 -1.000
v 2000.955 2301.892 0.000
v 2181.493 2301.892 0.000
v 2362.030 2301.892 0.000
v 2542.567 2301.892 -2.000
v 2723.104 2301.892 1.000
v 2903.642 2301.892 -1.000
v 3084.179 2301.892 1.000
v 3264.716 2301.892 -1.000
v 3445.254 2301.892 0.000
v 3625.791 2301.892 -1.000
v 3806.328 2301.892 3.000
v 3986.866 2301.892 3.000
v 4167.403 2301.892 -2.000
v 4347.940 2301.892 1.000
v 4528.478 2301.892 3.000
v 4709.015 2301.892 0.000
v 4889.552 2301.892 1.000
v 5040.000 2301.892 2.000
v -5040.000 2121.351 -3.000
v -4859.463 2121.351 -4.000
v -4678.925 2121.351 -3.000
v -4498.388 2121.351 -2.000
v -4317.851 2121.351 -2.000
v -4137.313 2121.351 -2.000
v -3956.776 2121.351 -3.000
v -3776.239 2121.351 -1.000
v -3595.701 2121.351 -3.000
v -3415.164 2121.351 -2.000
v -3234.627 2121.351 -1.000
v -3054.090 2121.351 -1.000
v -2873.552 2121.351 -2.000
v -2693.015 2121.351 -3.000
v -2512.478 2121.351 -4.000
v -2331.940 2121.351 -2.000
v -2151.403 2121.351 -3.000
v -1970.866 2121.351 -5.000
v -1790.328 2121.351 -3.000
v -1609.791 2121.351 -1.000
v -1429.254 2121.351 -1.000
v -1248.716 2121.351 1.000
v -1068.179 2121.351 -4.000
v -887.642 2121.351 -3.000
v -707.104 2121.351 -1.000
v -526.567 2121.351 -3.000
v -346.030 2121.351 -1.000
v -165.493 2121.351 -3.000
v 15.045 2121.351 0.000
v 195.582 2121.351 -1.000
v 376.119 2121.351 -2.000
v 556.657 2121.351 -1.000
v 737.194 2121.351 -1.000
v 917.731 2121.351 -1.000
v 1098.269 2121.351 1.000
v 1278.806 2121.351 2.000
v 1459.343 2121.351 0.000
v 1639.881 2121.351 0.000
v 1820.418 2121.351 -2.000
v 2000.955 2121.351 -3.000
v 2181.493 2121.351 -1.000
v 2362.030 2121.351 1.000
v 2542.567 2121.351 0.000
v 2723.104 2121.351 0.000
v 2903.642 2121.351 -1.000
v 3084.179 2121.351 1.000
v 3264.716 2121.351 -1.000
v 3445.254 2121.351 0.000
v 3625.791 2121.351 -1.000
v 3806.328 2121.351 2.000
v 3986.866 2121.351 0.000
v 4167.403 2121.351 1.000
v 4347.940 2121.351 0.000
v 4528.478 2121.351 3.000
v 4709.015 2121.351 2.000
v 4889.552 2121.351 2.000
v 5040.000 2121.351 1.000
v -5040.000 1940.811 0.000
v -4859.463 1940.811 -4.000
v -4678.925 1940.811 -3.000
v -4498.388 1940.811 -4.000
v -4317.851 1940.811 -3.000
v -4137.313 1940.811 -4.000
v -3956.776 1940.811 -3.000
v -3776.239 1940.811 -5.000
v -3595.701 1940.811 -3.000
v -3415.164 1940.811 -2.000
v -3234.627 1940.811 -3.000
v -3054.090 1940.811 -5.000
v -2873.552 1940.811 -4.000
v -2693.015 1940.811 -3.000
v -2512.478 1940.811 -1.000
v -2331.940 1940.811 -3.000
v -2151.403 1940.811 0.000
v -1970.866 1940.811 -3.000
v -1790.328 1940.811 0.000
v -1609.791 1940.811 -1.000
v -1429.254 1940.811 -3.000
v -1248.716 1940.811 -2.000
v -1068.179 1940.811 -2.000
v -887.642 1940.811 -3.000
v -707.104 1940.811 -3.000
v -526.567 1940.811 -2.000
v -346.030 1940.811 -2.000
v -165.493 1940.811 -3.000
v 15.045 1940.811 -1.000
v 195.582 1940.811 0.000
v 376.119 1940.811 -2.000
v 556.657 1940.811 -2.000
v 737.194 1940.811 1.000
v 917.731 1940.811 -1.000
v 1098.269 1940.811 -1.000
v 1278.806 1940.811 1.000
v 1459.343 1940.811 -3.000
v 1639.881 1940.811 0.000
v 1820.418 1940.811 1.000
v 2000.955 1940.811 0.000
v 2181.493 1940.811 1.000
v 2362.030 1940.811 -1.000
v 2542.567 1940.811 0.000
v 2723.104 1940.811 -3.000
v 2903.642 1940.811 -1.000
v 3084.179 1940.811 1.000
v 3264.716 1940.811 2.000
v 3445.254 1940.811 1.000
v 3625.791 1940.811 0.000
v 3806.328 1940.811 2.000
v 3986.866 1940.811 -1.000
v 4167.403 1940.811 -1.000
v 4347.940 1940.811 0.000
v 4528.478 1940.811 -1.000
v 4709.015 1940.811 2.000
v 4889.552 1940.811 3.000
v 5040.000 1940.811 -1.000
v -5040.000 1760.270 -2.000
v -4859.463 1760.270 -3.000
v -4678.925 1760.270 -4.000
v -4498.388 1760.270 -1.000
v -4317.851 1760.270 -5.000
v -4137.313 1760.270 -5.000
v -3956.776 1760.270 -3.000
v -3776.239 1760.270 -3.000
v -3595.701 1760.270 -4.000
v -3415.164 1760.270 -3.000
v -3234.627 1760.270 -3.000
v -3054.090 1760.270 -4.000
v -2873.552 1760.270 -1.000
v -2693.015 1760.270 -4.000
v -2512.478 1760.270 -4.000
v -2331.940 1760.270 -2.000
v -2151.403 1760.270 -2.000
v -1970.866 1760.270 -3.000
v -1790.328 1760.270 -2.000
v -1609.791 1760.270 -4.000
v -1429.254 1760.270 -2.000
v -1248.716 1760.270 -4.000
v -1068.179 1760.270 -3.000
v -887.642 1760.270 -3.000
v -707.104 1760.270 -4.000
v -526.567 1760.270 -2.000
v -346.030 1760.270 -3.000
v -165.493 1760.270 -2.000
v 15.045 1760.270 -2.000
v 195.582 1760.270 1.000
v 376.119 1760.270 2.000
v 556.657 1760.270 0.000
v 737.194 1760.270 -1.000
v 917.731 1760.270 -5.000
v 1098.269 1760.270 -2.000
v 1278.806 1760.270 -1.000
v 1459.343 1760.270 -2.000
v 1639.881 1760.270 -3.000
v 1820.418 1760.270 -2.000
v 2000.955 1760.270 0.000
v 2181.493 1760.270 1.000
v 2362.030 1760.270 -1.000
v 2542.567 1760.270 0.000
v 2723.104 1760.270 0.000
v 2903.642 1760.270 -1.000
v 3084.179 1760.270 0.000
v 3264.716 1760.270 -1.000
v 3445.254 1760.270 1.000
v 3625.791 1760.270 0.000
v 3806.328 1760.270 2.000
v 3986.866 1760.270 -1.000
v 4167.403 1760.270 -1.000
v 4347.940 1760.270 0.000
v 4528.478 1760.270 3.000
v 4709.015 1760.270 3.000
v 4889.552 1760.270 4.000
v 5040.000 1760.270 2.000
v -5040.000 1579.730 -4.000
v -4859.463 1579.730 -3.000
v -4678.925 1579.730 -3.000
v -4498.388 1579.730 -3.000
v -4317.851 1579.730 0.000
v -4137.313 1579.730 -4.000
v -3956.776 1579.730 -4.000
v -3776.239 1579.730 -4.000
v -3595.701 1579.730 -3.000
v -3415.164 1579.730 -3.000
v -3234.627 1579.730 -4.000
v -3054.090 1579.730 -2.000
v -2873.552 1579.730 -2.000
v -2693.015 1579.730 -2.000
v -2512.478 1579.730 -5.000
v -2331.940 1579.730 -2.000
v -2151.403 1579.730 -3.000
v -1970.866 1579.730 -1.000
v -1790.328 1579.730 -1.000
v -1609.791 1579.730 -3.000
v -1429.254 1579.730 -4.000
v -1248.716 1579.730 -3.000
v -1068.179 1579.730 -3.000
v -887.642 1579.730 -2.000
v -707.104 1579.730 -2.000
v -526.567 1579.730 -2.000
v -346.030 1579.730 -4.000
v -165.493 1579.730 -2.000
v 15.045 1579.730 0.000
v 195.582 1579.730 -2.000
v 376.119 1579.730 -2.000
v 556.657 1579.730 1.000
v 737.194 1579.730 -1.000
v 917.731 1579.730 -2.000
v 1098.269 1579.730 -1.000
v 1278.806 1579.730 -1.000
v 1459.343 1579.730 -2.000
v 1639.881 1579.730 -1.000
v 1820.418 1579.730 1.000
v 2000.955 1579.730 -1.000
v 2181.493 1579.730 -1.000
v 2362.030 1579.730 -1.000
v 2542.567 1579.730 -3.000
v 2723.104 1579.730 -2.000
v 2903.642 1579.730 2.000
v 3084.179 1579.730 0.000
v 3264.716 1579.730 -3.000
v 3445.254 1579.730 -1.000
v 3625.791 1579.730 0.000
v 3806.328 1579.730 0.000
v 3986.866 1579.730 -1.000
v 4167.403 1579.730 1.000
v 4347.940 1579.730 1.000
v 4528.478 1579.730 3.000
v 4709.015 1579.730 1.000
v 4889.552 1579.730 2.000
v 5040.000 1579.730 0.000
v -5040.000 1399.189 -3.000
v -4859.463 1399.189 -4.000
v -4678.925 1399.189 -4.000
v -4498.388 1399.189 -4.000
v -4317.851 1399.189 -2.000
v -4137.313 1399.189 -2.000
v -3956.776 1399.189 -4.000
v -3776.239 1399.189 -3.000
v -3595.701 1399.189 -2.000
v -3415.164 1399.189 -1.000
v -3234.627 1399.189 -4.000
v -3054.090 1399.189 -3.000
v -2873.552 1399.189 -2.000
v -2693.015 1399.189 -4.000
v -2512.478 1399.189 -1.000
v -2331.940 1399.189 -4.000
v -2151.403 1399.189 -4.000
v -1970.866 1399.189 -4.000
v -1790.328 1399.189 -2.000
v -1609.791 1399.189 -2.000
v -1429.254 1399.189 -2.000
v -1248.716 1399.189 -4.000
v -1068.179 1399.189 -3.000
v -887.642 1399.189 -4.000
v -707.104 1399.189 -2.000
v -526.567 1399.189 -2.000
v -346.030 1399.189 -4.000
v -165.493 1399.189 -2.000
v 15.045 1399.189 -4.000
v 195.582 1399.189 -1.000
v 376.119 1399.189 -1.000
v 556.657 1399.189 -3.000
v 737.194 1399.189 -2.000
v 917.731 1399.189 -1.000
v 1098.269 1399.189 -1.000
v 1278.806 1399.189 -3.000
v 1459.343 1399.189 1.000
v 1639.881 1399.189 -1.000
v 1820.418 1399.189 -2.000
v 2000.955 1399.189 0.000
v 2181.493 1399.189 0.000
v 2362.030 1399.189 -1.000
v 2542.567 1399.189 1.000
v 2723.104 1399.189 -3.000
v 2903.642 1399.189 -1.000
v 3084.179 1399.189 0.000
v 3264.716 1399.189 0.000
v 3445.254 1399.189 0.000
v 3625.791 1399.189 -2.000
v 3806.328 1399.189 1.000
v 3986.866 1399.189 1.000
v 4167.403 1399.189 0.000
v 4347.940 1399.189 2.000
v 4528.478 1399.189 1.000
v 4709.015 1399.189 1.000
v 4889.552 1399.189 3.000
v 5040.000 1399.189 2.000
v -5040.000 1218.649 -3.000
v -4859.463 1218.649 -3.000
v -4678.925 1218.649 -4.000
v -4498.388 1218.649 -4.000
v -4317.851 1218.649 -3.000
v -4137.313 1218.649 -4.000
v -3956.776 1218.649 -5.000
v -3776.239 1218.649 -1.000
v -3595.701 1218.649 -2.000
v -3415.164 1218.649 -2.000
v -3234.627 1218.649 -4.000
v -3054.090 1218.649 -2.000
v -2873.552 1218.649 -2.000
v -2693.015 1218.649 -3.000
v -2512.478 1218.649 -2.000
v -2331.940 1218.649 -1.000
v -2151.403 1218.649 -3.000
v -1970.866 1218.649 -3.000
v -1790.328 1218.649 -3.000
v -1609.791 1218.649 -4.000
v -1429.254 1218.649 -3.000
v -1248.716 1218.649 -2.000
v -1068.179 1218.649 -2.000
v -887.642 1218.649 -3.000
v -707.104 1218.649 -2.000
v -526.567 1218.649 -2.000
v -346.030 1218.649 -1.000
v -165.493 1218.649 -2.000
v 15.045 1218.649 -1.000
v 195.582 1218.649 -3.000
v 376.119 1218.649 -3.000
v 556.657 1218.649 -3.000
v 737.194 1218.649 -5.000
v 917.731 1218.649 -2.000
v 1098.269 1218.649 -2.000
v 1278.806 1218.649 -1.000
v 1459.343 1218.649 -3.000
v 1639.881 1218.649 -3.000
v 1820.418 1218.649 -1.000
v 2000.955 1218.649 0.000
v 2181.493 1218.649 -2.000
v 2362.030 1218.649 -2.000
v 2542.567 1218.649 1.000
v 2723.104 1218.649 -1.000
v 2903.642 1218.649 0.000
v 3084.179 1218.649 -4.000
v 3264.716 1218.649 0.000
v 3445.254 1218.649 -1.000
v 3625.791 1218.649 2.000
v 3806.328 1218.649 -3.000
v 3986.866 1218.649 2.000
v 4167.403 1218.649 0.000
v 4347.940 1218.649 2.000
v 4528.478 1218.649 2.000
v 4709.015 1218.649 3.000
v 4889.552 1218.649 2.000
v 5040.000 1218.649 2.000
v -5040.000 1038.108 -3.000
v -4859.463 1038.108 -4.000
v -4678.925 1038.108 1.000
v -4498.388 1038.108 -5.000
v -4317.851 1038.108 -2.000
v -4137.313 1038.108 -3.000
v -3956.776 1038.108 -4.000
v -3776.239 1038.108 -2.000
v -3595.701 1038.108 -4.000
v -3415.164 1038.108 -3.000
v -3234.627 1038.108 -3.000
v -3054.090 1038.108 -2.000
v -2873.552 1038.108 -4.000
v -2693.015 1038.108 -5.000
v -2512.478 1038.108 -3.000
v -2331.940 1038.108 -1.000
v -2151.403 1038.108 -3.000
v -1970.866 1038.108 -3.000
v -1790.328 1038.108 -4.000
v -1609.791 1038.108 -3.000
v -1429.254 1038.108 -3.000
v -1248.716 1038.108 -4.000
v -1068.179 1038.108 -3.000
v -887.642 1038.108 0.000
v -707.104 1038.108 -1.000
v -526.567 1038.108 -4.000
v -346.030 1038.108 -1.000
v -165.493 1038.108 0.000
v 15.045 1038.108 -2.000
v 195.582 1038.108 -2.000
v 376.119 1038.108 -2.000
v 556.657 1038.108 -2.000
v 737.194 1038.108 -2.000
v 917.731 1038.108 -3.000
v 1098.269 1038.108 -2.000
v 1278.806 1038.108 -1.000
v 1459.343 1038.108 -2.000
v 1639.881 1038.108 -1.000
v 1820.418 1038.108 -3.000
v 2000.955 1038.108 -1.000
v 2181.493 1038.108 -1.000
v 2362.030 1038.108 -2.000
v 2542.567 1038.108 -2.000
v 2723.104 1038.108 -2.000
v 2903.642 1038.108 0.000
v 3084.179 1038.108 -2.000
v 3264.716 1038.108 0.000
v 3445.254 1038.108 3.000
v 3625.791 1038.108 -2.000
v 3806.328 1038.108 -1.000
v 3986.866 1038.108 1.000
v 4167.403 1038.108 2.000
v 4347.940 1038.108 0.000
v 4528.478 1038.108 1.000
v 4709.015 1038.108 4.000
v 4889.552 1038.108 2.000
v 5040.000 1038.108 3.000
v -5040.000 857.568 -3.000
v -4859.463 857.568 -4.000
v -4678.925 857.568 -2.000
v -4498.388 857.568 -2.000
v -4317.851 857.568 -3.000
v -4137.313 857.568 0.000
v -3956.776 857.568 -3.000
v -3776.239 857.568 -1.000
v -3595.701 857.568 -4.000
v -3415.164 857.568 -4.000
v -3234.627 857.568 -2.000
v -3054.090 857.568 -4.000
v -2873.552 857.568 -3.000
v -2693.015 857.568 -4.000
v -2512.478 857.568 -1.000
v -2331.940 857.568 -3.000
v -2151.403 857.568 -3.000
v -1970.866 857.568 -4.000
v -1790.328 857.568 -3.000
v -1609.791 857.568 -4.000
v -1429.254 857.568 -3.000
v -1248.716 857.568 -3.000
v -1068.179 857.568 -1.000
v -887.642 857.568 -2.000
v -707.104 857.568 -1.000
v -526.567 857.568 0.000
v -346.030 857.568 -3.000
v -165.493 857.568 -3.000
v 15.045 857.568 -3.000
v 195.582 857.568 -3.000
v 376.119 857.568 -2.000
v 556.657 857.568 -4.000
v 737.194 857.568 0.000
v 917.731 857.568 -3.000
v 1098.269 857.568 0.000
v 1278.806 857.568 -2.000
v 1459.343 857.568 -1.000
v 1639.881 857.568 -2.000
v 1820.418 857.568 -2.000
v 2000.955 857.568 1.000
v 2181.493 857.568 -3.000
v 2362.030 857.568 -1.000
v 2542.567 857.568 -2.000
v 2723.104 857.568 0.000
v 2903.642 857.568 -1.000
v 3084.179 857.568 0.000
v 3264.716 857.568 -3.000
v 3445.254 857.568 0.000
v 3625.791 857.568 1.000
v 3806.328 857.568 -1.000
v 3986.866 857.568 2.000
v 4167.403 857.568 1.000
v 4347.940 857.568 2.000
v 4528.478 857.568 2.000
v 4709.015 857.568 2.000
v 4889.552 857.568 4.000
v 5040.000 857.568 1.000
v -5040.000 677.027 -6.000
v -4859.463 677.027 -4.000
v -4678.925 677.027 -6.000
v -4498.388 677.027 -4.000
v -4317.851 677.027 -5.000
v -4137.313 677.027 -4.000
v -3956.776 677.027 -6.000
v -3776.239 677.027 -6.000
v -3595.701 677.027 -5.000
v -3415.164 677.027 -6.000
v -3234.627 677.027 -1.000
v -3054.090 677.027 -3.000
v -2873.552 677.027 -2.000
v -2693.015 677.027 -4.000
v -2512.478 677.027 -2.000
v -2331.940 677.027 -2.000
v -2151.403 677.027 -2.000
v -1970.866 677.027 -2.000
v -1790.328 677.027 -3.000
v -1609.791 677.027 -4.000
v -1429.254 677.027 -3.000
v -1248.716 677.027 -2.000
v -1068.179 677.027 -2.000
v -887.642 677.027 -1.000
v -707.104 677.027 -2.000
v -526.567 677.027 -2.000
v -346.030 677.027 -3.000
v -165.493 677.027 -2.000
v 15.045 677.027 1.000
v 195.582 677.027 -3.000
v 376.119 677.027 -2.000
v 556.657 677.027 -4.000
v 737.194 677.027 -1.000
v 917.731 677.027 -3.000
v 1098.269 677.027 -4.000
v 1278.806 677.027 -1.000
v 1459.343 677.027 -2.000
v 1639.881 677.027 0.000
v 1820.418 677.027 -4.000
v 2000.955 677.027 0.000
v 2181.493 677.027 0.000
v 2362.030 677.027 0.000
v 2542.567 677.027 -2.000
v 2723.104 677.027 0.000
v 2903.642 677.027 -1.000
v 3084.179 677.027 -1.000
v 3264.716 677.027 0.000
v 3445.254 677.027 0.000
v 3625.791 677.027 1.000
v 3806.328 677.027 0.000
v 3986.866 677.027 0.000
v 4167.403 677.027 1.000
v 4347.940 677.027 0.000
v 4528.478 677.027 2.000
v 4709.015 677.027 1.000
v 4889.552 677.027 0.000
v 5040.000 677.027 1.000
v -5040.000 496.486 -4.000
v -4859.463 496.486 -3.000
v -4678.925 496.486 -4.000
v -4498.388 496.486 -3.000
v -4317.851 496.486 -2.000
v -4137.313 496.486 -3.000
v -3956.776 496.486 -3.000
v -3776.239 496.486 -2.000
v -3595.701 496.486 -3.000
v -3415.164 496.486 -4.000
v -3234.627 496.486 -3.000
v -3054.090 496.486 -3.000
v -2873.552 496.486 -1.000
v -2693.015 496.486 -3.000
v -2512.478 496.486 -4.000
v -2331.940 496.486 -3.000
v -2151.403 496.486 -2.000
v -1970.866 496.486 -4.000
v -1790.328 496.486 -2.000
v -1609.791 496.486 -1.000
v -1429.254 496.486 1.000
v -1248.716 496.486 -3.000
v -1068.179 496.486 -2.000
v -887.642 496.486 -2.000
v -707.104 496.486 -2.000
v -526.567 496.486 -2.000
v -346.030 496.486 -1.000
v -165.493 496.486 -3.000
v 15.045 496.486 -2.000
v 195.582 496.486 -6.000
v 376.119 496.486 -2.000
v 556.657 496.486 -2.000
v 737.194 496.486 -1.000
v 917.731 496.486 0.000
v 1098.269 496.486 1.000
v 1278.806 496.486 -2.000
v 1459.343 496.486 -1.000
v 1639.881 496.486 -2.000
v 1820.418 496.486 -1.000
v 2000.955 496.486 -1.000
v 2181.493 496.486 -1.000
v 2362.030 496.486 -1.000
v 2542.567 496.486 -1.000
v 2723.104 496.486 0.000
v 2903.642 496.486 0.000
v 3084.179 496.486 0.000
v 3264.716 496.486 1.000
v 3445.254 496.486 2.000
v 3625.791 496.486 0.000
v 3806.328 496.486 0.000
v 3986.866 496.486 2.000
v 4167.403 496.486 2.000
v 4347.940 496.486 3.000
v 4528.478 496.486 3.000
v 4709.015 496.486 1.000
v 4889.552 496.486 0.000
v 5040.000 496.486 2.000
v -5040.000 315.946 -5.000
v -4859.463 315.946 -2.000
v -4678.925 315.946 -2.000
v -4498.388 315.946 -5.000
v -4317.851 315.946 -2.000
v -4137.313 315.946 -3.000
v -3956.776 315.946 -3.000
v -3776.239 315.946 -2.000
v -3595.701 315.946 -5.000
v -3415.164 315.946 -3.000
v -3234.627 315.946 -3.000
v -3054.090 315.946 -1.000
v -2873.552 315.946 -1.000
v -2693.015 315.946 -3.000
v -2512.478 315.946 -2.000
v -2331.940 315.946 -2.000
v -2151.403 315.946 -10.000
v -1970.866 315.946 -1.000
v -1790.328 315.946 -1.000
v -1609.791 315.946 -4.000
v -1429.254 315.946 -3.000
v -1248.716 315.946 -3.000
v -1068.179 315.946 -5.000
v -887.642 315.946 -3.000
v -707.104 315.946 -2.000
v -526.567 315.946 -2.000
v -346.030 315.946 -3.000
v -165.493 315.946 -1.000
v 15.045 315.946 -4.000
v 195.582 315.946 -4.000
v 376.119 315.946 -4.000
v 556.657 315.946 -3.000
v 737.194 315.946 -3.000
v 917.731 315.946 -1.000
v 1098.269 315.946 -5.000
v 1278.806 315.946 -2.000
v 1459.343 315.946 -3.000
v 1639.881 315.946 -2.000
v 1820.418 315.946 -1.000
v 2000.955 315.946 -3.000
v 2181.493 315.946 -1.000
v 2362.030 315.946 0.000
v 2542.567 315.946 0.000
v 2723.104 315.946 3.000
v 2903.642 315.946 1.000
v 3084.179 315.946 -2.000
v 3264.716 315.946 4.000
v 3445.254 315.946 1.000
v 3625.791 315.946 1.000
v 3806.328 315.946 0.000
v 3986.866 315.946 2.000
v 4167.403 315.946 1.000
v 4347.940 315.946 1.000
v 4528.478 315.946 0.000
v 4709.015 315.946 4.000
v 4889.552 315.946 3.000
v 5040.000 315.946 2.000
v -5040.000 135.405 -2.000
v -4859.463 135.405 -3.000
v -4678.925 135.405 -3.000
v -4498.388 135.405 -3.000
v -4317.851 135.405 -5.000
v -4137.313 135.405 -5.000
v -3956.776 135.405 -3.000
v -3776.239 135.405 -5.000
v -3595.701 135.405 -4.000
v -3415.164 135.405 -2.000
v -3234.627 135.405 -3.000
v -3054.090 135.405 -2.000
v -2873.552 135.405 -3.000
v -2693.015 135.405 -5.000
v -2512.478 135.405 -3.000
v -2331.940 135.405 -4.000
v -2151.403 135.405 -1.000
v -1970.866 135.405 -2.000
v -1790.328 135.405 -4.000
v -1609.791 135.405 -2.000
v -1429.254 135.405 -4.000
v -1248.716 135.405 -2.000
v -1068.179 135.405 -2.000
v -887.642 135.405 -1.000
v -707.104 135.405 -3.000
v -526.567 135.405 -2.000
v -346.030 135.405 -2.000
v -165.493 135.405 -2.000
v 15.045 135.405 -1.000
v 195.582 135.405 -1.000
v 376.119 135.405 -1.000
v 556.657 135.405 0.000
v 737.194 135.405 -2.000
v 917.731 135.405 -1.000
v 1098.269 135.405 0.000
v 1278.806 135.405 0.000
v 1459.343 135.405 -1.000
v 1639.881 135.405 0.000
v 1820.418 135.405 -1.000
v 2000.955 135.405 -1.000
v 2181.493 135.405 0.000
v 2362.030 135.405 1.000
v 2542.567 135.405 -1.000
v 2723.104 135.405 2.000
v 2903.642 135.405 -1.000
v 3084.179 135.405 0.000
v 3264.716 135.405 1.000
v 3445.254 135.405 1.000
v 3625.791 135.405 0.000
v 3806.328 135.405 2.000
v 3986.866 135.405 2.000
v 4167.403 135.405 2.000
v 4347.940 135.405 0.000
v 4528.478 135.405 1.000
v 4709.015 135.405 3.000
v 4889.552 135.405 1.000
v 5040.000 135.405 3.000
v -5040.000 -45.135 -3.000
v -4859.463 -45.135 -2.000
v -4678.925 -45.135 -3.000
v -4498.388 -45.135 -3.000
v -4317.851 -45.135 -2.000
v -4137.313 -45.135 -2.000
v -3956.776 -45.135 -5.000
v -3776.239 -45.135 -3.000
v -3595.701 -45.135 -4.000
v -3415.164 -45.135 -3.000
v -3234.627 -45.135 0.000
v -3054.090 -45.135 -2.000
v -2873.552 -45.135 -3.000
v -2693.015 -45.135 -1.000
v -2512.478 -45.135 -3.000
v -2331.940 -45.135 -4.000
v -2151.403 -45.135 -3.000
v -1970.866 -45.135 -4.000
v -1790.328 -45.135 -4.000
v -1609.791 -45.135 -2.000
v -1429.254 -45.135 -1.000
v -1248.716 -45.135 0.000
v -1068.179 -45.135 -2.000
v -887.642 -45.135 -3.000
v -707.104 -45.135 -2.000
v -526.567 -45.135 -3.000
v -346.030 -45.135 -2.000
v -165.493 -45.135 -3.000
v 15.045 -45.135 1.000
v 195.582 -45.135 -4.000
v 376.119 -45.135 -1.000
v 556.657 -45.135 -3.000
v 737.194 -45.135 -2.000
v 917.731 -45.135 -4.000
v 1098.269 -45.135 -3.000
v 1278.806 -45.135 -1.000
v 1459.343 -45.135 -1.000
v 1639.881 -45.135 -2.000
v 1820.418 -45.135 -1.000
v 2000.955 -45.135 -3.000
v 2181.493 -45.135 1.000
v 2362.030 -45.135 -1.000
v 2542.567 -45.135 0.000
v 2723.104 -45.135 1.000
v 2903.642 -45.135 2.000
v 3084.179 -45.135 3.000
v 3264.716 -45.135 0.000
v 3445.254 -45.135 -1.000
v 3625.791 -45.135 0.000
v 3806.328 -45.135 -1.000
v 3986.866 -45.135 1.000
v 4167.403 -45.135 2.000
v 4347.940 -45.135 1.000
v 4528.478 -45.135 0.000
v 4709.015 -45.135 -1.000
v 4889.552 -45.135 2.000
v 5040.000 -45.135 1.000
v -5040.000 -225.676 -5.000
v -4859.463 -225.676 -3.000
v -4678.925 -225.676 -3.000
v -4498.388 -225.676 -4.000
v -4317.851 -225.676 -1.000
v -4137.313 -225.676 -2.000
v -3956.776 -225.676 -4.000
v -3776.239 -225.676 -4.000
v -3595.701 -225.676 -3.000
v -3415.164 -225.676 -5.000
v -3234.627 -225.676 -3.000
v -3054.090 -225.676 -2.000
v -2873.552 -225.676 -2.000
v -2693.015 -225.676 -4.000
v -2512.478 -225.676 -2.000
v -2331.940 -225.676 0.000
v -2151.403 -225.676 -3.000
v -1970.866 -225.676 -1.000
v -1790.328 -225.676 -3.000
v -1609.791 -225.676 -1.000
v -1429.254 -225.676 -4.000
v -1248.716 -225.676 -3.000
v -1068.179 -225.676 -4.000
v -887.642 -225.676 -3.000
v -707.104 -225.676 -4.000
v -526.567 -225.676 -3.000
v -346.030 -225.676 0.000
v -165.493 -225.676 -3.000
v 15.045 -225.676 -5.000
v 195.582 -225.676 -2.000
v 376.119 -225.676 -2.000
v 556.657 -225.676 0.000
v 737.194 -225.676 -2.000
v 917.731 -225.676 -2.000
v 1098.269 -225.676 -3.000
v 1278.806 -225.676 -3.000
v 1459.343 -225.676 0.000
v 1639.881 -225.676 -3.000
v 1820.418 -225.676 0.000
v 2000.955 -225.676 -2.000
v 2181.493 -225.676 -3.000
v 2362.030 -225.676 -2.000
v 2542.567 -225.676 0.000
v 2723.104 -225.676 0.000
v 2903.642 -225.676 -1.000
v 3084.179 -225.676 -2.000
v 3264.716 -225.676 -1.000
v 3445.254 -225.676 -1.000
v 3625.791 -225.676 -1.000
v 3806.328 -225.676 1.000
v 3986.866 -225.676 1.000
v 4167.403 -225.676 1.000
v 4347.940 -225.676 0.000
v 4528.478 -225.676 1.000
v 4709.015 -225.676 1.000
v 4889.552 -225.676 0.000
v 5040.000 -225.676 -1.000
v -5040.000 -406.216 -4.000
v -4859.463 -406.216 -4.000
v -4678.925 -406.216 -2.000
v -4498.388 -406.216 -3.000
v -4317.851 -406.216 -3.000
v -4137.313 -406.216 -4.000
v -3956.776 -406.216 -1.000
v -3776.239 -406.216 -3.000
v -3595.701 -406.216 -3.000
v -3415.164 -406.216 -3.000
v -3234.627 -406.216 -4.000
v -3054.090 -406.216 -2.000
v -2873.552 -406.216 -3.000
v -2693.015 -406.216 -3.000
v -2512.478 -406.216 -3.000
v -2331.940 -406.216 -3.000
v -2151.403 -406.216 -4.000
v -1970.866 -406.216 -2.000
v -1790.328 -406.216 -3.000
v -1609.791 -406.216 -2.000
v -1429.254 -406.216 -2.000
v -1248.716 -406.216 -2.000
v -1068.179 -406.216 -5.000
v -887.642 -406.216 -2.000
v -707.104 -406.216 -4.000
v -526.567 -406.216 -4.000
v -346.030 -406.216 -1.000
v -165.493 -406.216 -1.000
v 15.045 -406.216 -3.000
v 195.582 -406.216 0.000
v 376.119 -406.216 -2.000
v 556.657 -406.216 -3.000
v 737.194 -406.216 -2.000
v 917.731 -406.216 -1.000
v 1098.269 -406.216 -1.000
v 1278.806 -406.216 -3.000
v 1459.343 -406.216 -2.000
v 1639.881 -406.216 -1.000
v 1820.418 -406.216 -3.000
v 2000.955 -406.216 1.000
v 2181.493 -406.216 0.000
v 2362.030 -406.216 0.000
v 2542.567 -406.216 1.000
v 2723.104 -406.216 0.000
v 2903.642 -406.216 0.000
v 3084.179 -406.216 0.000
v 3264.716 -406.216 2.000
v 3445.254 -406.216 0.000
v 3625.791 -406.216 0.000
v 3806.328 -406.216 -1.000
v 3986.866 -406.216 1.000
v 4167.403 -406.216 3.000
v 4347.940 -406.216 2.000
v 4528.478 -406.216 3.000
v 4709.015 -406.216 1.000
v 4889.552 -406.216 1.000
v 5040.000 -406.216 3.000
v -5040.000 -586.757 -1.000
v -4859.463 -586.757 -2.000
v -4678.925 -586.757 -4.000
v -4498.388 -586.757 -3.000
v -4317.851 -586.757 -3.000
v -4137.313 -586.757 -4.000
v -3956.776 -586.757 -4.000
v -3776.239 -586.757 -2.000
v -3595.701 -586.757 -3.000
v -3415.164 -586.757 -2.000
v -3234.627 -586.757 -3.000
v -3054.090 -586.757 -5.000
v -2873.552 -586.757 1.000
v -2693.015 -586.757 0.000
v -2512.478 -586.757 -3.000
v -2331.940 -586.757 0.000
v -2151.403 -586.757 -1.000
v -1970.866 -586.757 -2.000
v -1790.328 -586.757 -3.000
v -1609.791 -586.757 -2.000
v -1429.254 -586.757 -2.000
v -1248.716 -586.757 -1.000
v -1068.179 -586.757 -6.000
v -887.642 -586.757 -3.000
v -707.104 -586.757 -5.000
v -526.567 -586.757 -2.000
v -346.030 -586.757 -3.000
v -165.493 -586.757 -4.000
v 15.045 -586.757 -3.000
v 195.582 -586.757 -3.000
v 376.119 -586.757 -1.000
v 556.657 -586.757 -3.000
v 737.194 -586.757 -2.000
v 917.731 -586.757 -2.000
v 1098.269 -586.757 0.000
v 1278.806 -586.757 -1.000
v 1459.343 -586.757 -2.000
v 1639.881 -586.757 1.000
v 1820.418 -586.757 -1.000
v 2000.955 -586.757 -2.000
v 2181.493 -586.757 0.000
v 2362.030 -586.757 2.000
v 2542.567 -586.757 -2.000
v 2723.104 -586.757 0.000
v 2903.642 -586.757 1.000
v 3084.179 -586.757 1.000
v 3264.716 -586.757 0.000
v 3445.254 -586.757 1.000
v 3625.791 -586.757 2.000
v 3806.328 -586.757 -1.000
v 3986.866 -586.757 0.000
v 4167.403 -586.757 1.000
v 4347.940 -586.757 1.000
v 4528.478 -586.757 0.000
v 4709.015 -586.757 0.000
v 4889.552 -586.757 1.000
v 5040.000 -586.757 0.000
v -5040.000 -767.297 -5.000
v -4859.463 -767.297 -3.000
v -4678.925 -767.297 -1.000
v -4498.388 -767.297 -3.000
v -4317.851 -767.297 -4.000
v -4137.313 -767.297 -5.000
v -3956.776 -767.297 -4.000
v -3776.239 -767.297 -3.000
v -3595.701 -767.297 -3.000
v -3415.164 -767.297 -1.000
v -3234.627 -767.297 -1.000
v -3054.090 -767.297 0.000
v -2873.552 -767.297 2.000
v -2693.015 -767.297 -1.000
v -2512.478 -767.297 -2.000
v -2331.940 -767.297 -4.000
v -2151.403 -767.297 -2.000
v -1970.866 -767.297 -2.000
v -1790.328 -767.297 -3.000
v -1609.791 -767.297 -4.000
v -1429.254 -767.297 -3.000
v -1248.716 -767.297 -3.000
v -1068.179 -767.297 -2.000
v -887.642 -767.297 -2.000
v -707.104 -767.297 -4.000
v -526.567 -767.297 -2.000
v -346.030 -767.297 -1.000
v -165.493 -767.297 0.000
v 15.045 -767.297 -1.000
v 195.582 -767.297 -4.000
v 376.119 -767.297 -3.000
v 556.657 -767.297 -3.000
v 737.194 -767.297 -4.000
v 917.731 -767.297 -2.000
v 1098.269 -767.297 -1.000
v 1278.806 -767.297 -1.000
v 1459.343 -767.297 -1.000
v 1639.881 -767.297 -1.000
v 1820.418 -767.297 0.000
v 2000.955 -767.297 -1.000
v 2181.493 -767.297 0.000
v 2362.030 -767.297 -1.000
v 2542.567 -767.297 -2.000
v 2723.104 -767.297 0.000
v 2903.642 -767.297 0.000
v 3084.179 -767.297 -1.000
v 3264.716 -767.297 0.000
v 3445.254 -767.297 1.000
v 3625.791 -767.297 3.000
v 3806.328 -767.297 1.000
v 3986.866 -767.297 0.000
v 4167.403 -767.297 0.000
v 4347.940 -767.297 1.000
v 4528.478 -767.297 1.000
v 4709.015 -767.297 1.000
v 4889.552 -767.297 0.000
v 5040.000 -767.297 0.000
v -5040.000 -947.838 -4.000
v -4859.463 -947.838 -4.000
v -4678.925 -947.838 -5.000
v -4498.388 -947.838 -4.000
v -4317.851 -947.838 -5.000
v -4137.313 -947.838 -2.000
v -3956.776 -947.838 -4.000
v -3776.239 -947.838 -3.000
v -3595.701 -947.838 -5.000
v -3415.164 -947.838 -4.000
v -3234.627 -947.838 -1.000
v -3054.090 -947.838 -2.000
v -2873.552 -947.838 -2.000
v -2693.015 -947.838 -3.000
v -2512.478 -947.838 -2.000
v -2331.940 -947.838 -3.000
v -2151.403 -947.838 -1.000
v -1970.866 -947.838 -3.000
v -1790.328 -947.838 -5.000
v -1609.791 -947.838 -3.000
v -1429.254 -947.838 -5.000
v -1248.716 -947.838 -3.000
v -1068.179 -947.838 -2.000
v -887.642 -947.838 -2.000
v -707.104 -947.838 -4.000
v -526.567 -947.838 -2.000
v -346.030 -947.838 -3.000
v -165.493 -947.838 -2.000
v 15.045 -947.838 -3.000
v 195.582 -947.838 -4.000
v 376.119 -947.838 -3.000
v 556.657 -947.838 -1.000
v 737.194 -947.838 -2.000
v 917.731 -947.838 -1.000
v 1098.269 -947.838 -1.000
v 1278.806 -947.838 -1.000
v 1459.343 -947.838 -3.000
v 1639.881 -947.838 0.000
v 1820.418 -947.838 1.000
v 2000.955 -947.838 2.000
v 2181.493 -947.838 -4.000
v 2362.030 -947.838 -3.000
v 2542.567 -947.838 -2.000
v 2723.104 -947.838 0.000
v 2903.642 -947.838 1.000
v 3084.179 -947.838 3.000
v 3264.716 -947.838 0.000
v 3445.254 -947.838 0.000
v 3625.791 -947.838 0.000
v 3806.328 -947.838 0.000
v 3986.866 -947.838 2.000
v 4167.403 -947.838 0.000
v 4347.940 -947.838 1.000
v 4528.478 -947.838 0.000
v 4709.015 -947.838 0.000
v 4889.552 -947.838 4.000
v 5040.000 -947.838 3.000
v -5040.000 -1128.378 -5.000
v -4859.463 -1128.378 -4.000
v -4678.925 -1128.378 -5.000
v -4498.388 -1128.378 -2.000
v -4317.851 -1128.378 -3.000
v -4137.313 -1128.378 -4.000
v -3956.776 -1128.378 -4.000
v -3776.239 -1128.378 -3.000
v -3595.701 -1128.378 -3.000
v -3415.164 -1128.378 -4.000
v -3234.627 -1128.378 1.000
v -3054.090 -1128.378 -1.000
v -2873.552 -1128.378 -3.000
v -2693.015 -1128.378 -3.000
v -2512.478 -1128.378 -2.000
v -2331.940 -1128.378 -2.000
v -2151.403 -1128.378 -3.000
v -1970.866 -1128.378 -4.000
v -1790.328 -1128.378 -2.000
v -1609.791 -1128.378 -1.000
v -1429.254 -1128.378 -2.000
v -1248.716 -1128.378 -3.000
v -1068.179 -1128.378 -2.000
v -887.642 -1128.378 -3.000
v -707.104 -1128.378 -2.000
v -526.567 -1128.378 -3.000
v -346.030 -1128.378 0.000
v -165.493 -1128.378 -2.000
v 15.045 -1128.378 -2.000
v 195.582 -1128.378 -3.000
v 376.119 -1128.378 0.000
v 556.657 -1128.378 -1.000
v 737.194 -1128.378 0.000
v 917.731 -1128.378 3.000
v 1098.269 -1128.378 1.000
v 1278.806 -1128.378 -2.000
v 1459.343 -1128.378 -2.000
v 1639.881 -1128.378 -1.000
v 1820.418 -1128.378 1.000
v 2000.955 -1128.378 -1.000
v 2181.493 -1128.378 -1.000
v 2362.030 -1128.378 -1.000
v 2542.567 -1128.378 0.000
v 2723.104 -1128.378 0.000
v 2903.642 -1128.378 0.000
v 3084.179 -1128.378 1.000
v 3264.716 -1128.378 0.000
v 3445.254 -1128.378 0.000
v 3625.791 -1128.378 -3.000
v 3806.328 -1128.378 -2.000
v 3986.866 -1128.378 0.000
v 4167.403 -1128.378 0.000
v 4347.940 -1128.378 0.000
v 4528.478 -1128.378 3.000
v 4709.015 -1128.378 1.000
v 4889.552 -1128.378 0.000
v 5040.000 -1128.378 0.000
v -5040.000 -1308.919 -5.000
v -4859.463 -1308.919 -6.000
v -4678.925 -1308.919 -2.000
v -4498.388 -1308.919 -2.000
v -4317.851 -1308.919 -5.000
v -4137.313 -1308.919 -4.000
v -3956.776 -1308.919 -3.000
v -3776.239 -1308.919 -3.000
v -3595.701 -1308.919 -2.000
v -3415.164 -1308.919 -2.000
v -3234.627 -1308.919 -1.000
v -3054.090 -1308.919 -2.000
v -2873.552 -1308.919 -2.000
v -2693.015 -1308.919 0.000
v -2512.478 -1308.919 -3.000
v -2331.940 -1308.919 -2.000
v -2151.403 -1308.919 -1.000
v -1970.866 -1308.919 -3.000
v -1790.328 -1308.919 -2.000
v -1609.791 -1308.919 -5.000
v -1429.254 -1308.919 -3.000
v -1248.716 -1308.919 -3.000
v -1068.179 -1308.919 -1.000
v -887.642 -1308.919 -3.000
v -707.104 -1308.919 -3.000
v -526.567 -1308.919 -2.000
v -346.030 -1308.919 0.000
v -165.493 -1308.919 -3.000
v 15.045 -1308.919 -1.000
v 195.582 -1308.919 -3.000
v 376.119 -1308.919 0.000
v 556.657 -1308.919 -1.000
v 737.194 -1308.919 0.000
v 917.731 -1308.919 0.000
v 1098.269 -1308.919 0.000
v 1278.806 -1308.919 -1.000
v 1459.343 -1308.919 1.000
v 1639.881 -1308.919 0.000
v 1820.418 -1308.919 -1.000
v 2000.955 -1308.919 -1.000
v 2181.493 -1308.919 -2.000
v 2362.030 -1308.919 0.000
v 2542.567 -1308.919 -2.000
v 2723.104 -1308.919 1.000
v 2903.642 -1308.919 -1.000
v 3084.179 -1308.919 -1.000
v 3264.716 -1308.919 2.000
v 3445.254 -1308.919 -1.000
v 3625.791 -1308.919 -1.000
v 3806.328 -1308.919 0.000
v 3986.866 -1308.919 -1.000
v 4167.403 -1308.919 -1.000
v 4347.940 -1308.919 0.000
v 4528.478 -1308.919 -1.000
v 4709.015 -1308.919 -3.000
v 4889.552 -1308.919 2.000
v 5040.000 -1308.919 2.000
v -5040.000 -1489.459 -4.000
v -4859.463 -1489.459 -3.000
v -4678.925 -1489.459 -2.000
v -4498.388 -1489.459 -3.000
v -4317.851 -1489.459 -5.000
v -4137.313 -1489.459 -5.000
v -3956.776 -1489.459 -4.000
v -3776.239 -1489.459 0.000
v -3595.701 -1489.459 -3.000
v -3415.164 -1489.459 -2.000
v -3234.627 -1489.459 1.000
v -3054.090 -1489.459 -3.000
v -2873.552 -1489.459 -1.000
v -2693.015 -1489.459 -2.000
v -2512.478 -1489.459 -3.000
v -2331.940 -1489.459 -2.000
v -2151.403 -1489.459 -3.000
v -1970.866 -1489.459 -3.000
v -1790.328 -1489.459 -4.000
v -1609.791 -1489.459 -4.000
v -1429.254 -1489.459 -2.000
v -1248.716 -1489.459 -3.000
v -1068.179 -1489.459 -3.000
v -887.642 -1489.459 -1.000
v -707.104 -1489.459 -3.000
v -526.567 -1489.459 -2.000
v -346.030 -1489.459 -3.000
v -165.493 -1489.459 -4.000
v 15.045 -1489.459 -2.000
v 195.582 -1489.459 -2.000
v 376.119 -1489.459 -3.000
v 556.657 -1489.459 -2.000
v 737.194 -1489.459 0.000
v 917.731 -1489.459 -1.000
v 1098.269 -1489.459 -3.000
v 1278.806 -1489.459 1.000
v 1459.343 -1489.459 1.000
v 1639.881 -1489.459 0.000
v 1820.418 -1489.459 1.000
v 2000.955 -1489.459 1.000
v 2181.493 -1489.459 0.000
v 2362.030 -1489.459 0.000
v 2542.567 -1489.459 -1.000
v 2723.104 -1489.459 0.000
v 2903.642 -1489.459 -1.000
v 3084.179 -1489.459 -1.000
v 3264.716 -1489.459 -1.000
v 3445.254 -1489.459 1.000
v 3625.791 -1489.459 -2.000
v 3806.328 -1489.459 0.000
v 3986.866 -1489.459 -4.000
v 4167.403 -1489.459 0.000
v 4347.940 -1489.459 1.000
v 4528.478 -1489.459 0.000
v 4709.015 -1489.459 -1.000
v 4889.552 -1489.459 1.000
v 5040.000 -1489.459 1.000
v -5040.000 -1670.000 -5.000
v -4859.463 -1670.000 -3.000
v -4678.925 -1670.000 -5.000
v -4498.388 -1670.000 -4.000
v -4317.851 -1670.000 -3.000
v -4137.313 -1670.000 -2.000
v -3956.776 -1670.000 -3.000
v -3776.239 -1670.000 -2.000
v -3595.701 -1670.000 -3.000
v -3415.164 -1670.000 -4.000
v -3234.627 -1670.000 -2.000
v -3054.090 -1670.000 -3.000
v -2873.552 -1670.000 -2.000
v -2693.015 -1670.000 -3.000
v -2512.478 -1670.000 -1.000
v -2331.940 -1670.000 -3.000
v -2151.403 -1670.000 -3.000
v -1970.866 -1670.000 -2.000
v -1790.328 -1670.000 -2.000
v -1609.791 -1670.000 -4.000
v -1429.254 -1670.000 -3.000
v -1248.716 -1670.000 -2.000
v -1068.179 -1670.000 -4.000
v -887.642 -1670.000 -1.000
v -707.104 -1670.000 -3.000
v -526.567 -1670.000 -3.000
v -346.030 -1670.000 -3.000
v -165.493 -1670.000 0.000
v 15.045 -1670.000 1.000
v 195.582 -1670.000 0.000
v 376.119 -1670.000 -2.000
v 556.657 -1670.000 -1.000
v 737.194 -1670.000 -2.000
v 917.731 -1670.000 -2.000
v 1098.269 -1670.000 -2.000
v 1278.806 -1670.000 1.000
v 1459.343 -1670.000 1.000
v 1639.881 -1670.000 -1.000
v 1820.418 -1670.000 2.000
v 2000.955 -1670.000 -2.000
v 2181.493 -1670.000 -1.000
v 2362.030 -1670.000 -2.000
v 2542.567 -1670.000 -1.000
v 2723.104 -1670.000 0.000
v 2903.642 -1670.000 -1.000
v 3084.179 -1670.000 -2.000
v 3264.716 -1670.000 0.000
v 3445.254 -1670.000 0.000
v 3625.791 -1670.000 -1.000
v 3806.328 -1670.000 1.000
v 3986.866 -1670.000 1.000
v 4167.403 -1670.000 -1.000
v 4347.940 -1670.000 -3.000
v 4528.478 -1670.000 -2.000
v 4709.015 -1670.000 1.000
v 4889.552 -1670.000 -1.000
v 5040.000 -1670.000 2.000
v -5040.000 -1850.541 -2.000
v -4859.463 -1850.541 -4.000
v -4678.925 -1850.541 -3.000
v -4498.388 -1850.541 -1.000
v -4317.851 -1850.541 -4.000
v -4137.313 -1850.541 -3.000
v -3956.776 -1850.541 -4.000
v -3776.239 -1850.541 -3.000
v -3595.701 -1850.541 0.000
v -3415.164 -1850.541 -1.000
v -3234.627 -1850.541 -3.000
v -3054.090 -1850.541 -3.000
v -2873.552 -1850.541 -4.000
v -2693.015 -1850.541 -1.000
v -2512.478 -1850.541 -4.000
v -2331.940 -1850.541 -3.000
v -2151.403 -1850.541 -2.000
v -1970.866 -1850.541 -3.000
v -1790.328 -1850.541 -2.000
v -1609.791 -1850.541 -3.000
v -1429.254 -1850.541 -5.000
v -1248.716 -1850.541 -3.000
v -1068.179 -1850.541 -2.000
v -887.642 -1850.541 -1.000
v -707.104 -1850.541 -1.000
v -526.567 -1850.541 0.000
v -346.030 -1850.541 -3.000
v -165.493 -1850.541 -3.000
v 15.045 -1850.541 -2.000
v 195.582 -1850.541 -2.000
v 376.119 -1850.541 1.000
v 556.657 -1850.541 -2.000
v 737.194 -1850.541 -2.000
v 917.731 -1850.541 -1.000
v 1098.269 -1850.541 -2.000
v 1278.806 -1850.541 -2.000
v 1459.343 -1850.541 -1.000
v 1639.881 -1850.541 -4.000
v 1820.418 -1850.541 -3.000
v 2000.955 -1850.541 1.000
v 2181.493 -1850.541 -2.000
v 2362.030 -1850.541 -1.000
v 2542.567 -1850.541 -1.000
v 2723.104 -1850.541 -2.000
v 2903.642 -1850.541 -2.000
v 3084.179 -1850.541 -5.000
v 3264.716 -1850.541 -3.000
v 3445.254 -1850.541 0.000
v 3625.791 -1850.541 1.000
v 3806.328 -1850.541 -4.000
v 3986.866 -1850.541 0.000
v 4167.403 -1850.541 -2.000
v 4347.940 -1850.541 1.000
v 4528.478 -1850.541 -1.000
v 4709.015 -1850.541 -4.000
v 4889.552 -1850.541 -2.000
v 5040.000 -1850.541 0.000
v -5040.000 -2031.081 -3.000
v -4859.463 -2031.081 -3.000
v -4678.925 -2031.081 -4.000
v -4498.388 -2031.081 -2.000
v -4317.851 -2031.081 -3.000
v -4137.313 -2031.081 -3.000
v -3956.776 -2031.081 -2.000
v -3776.239 -2031.081 -2.000
v -3595.701 -2031.081 -1.000
v -3415.164 -2031.081 -4.000
v -3234.627 -2031.081 -3.000
v -3054.090 -2031.081 -1.000
v -2873.552 -2031.081 -3.000
v -2693.015 -2031.081 -3.000
v -2512.478 -2031.081 -5.000
v -2331.940 -2031.081 -3.000
v -2151.403 -2031.081 -4.000
v -1970.866 -2031.081 -2.000
v -1790.328 -2031.081 -2.000
v -1609.791 -2031.081 0.000
v -1429.254 -2031.081 -1.000
v -1248.716 -2031.081 -1.000
v -1068.179 -2031.081 -1.000
v -887.642 -2031.081 -3.000
v -707.104 -2031.081 -1.000
v -526.567 -2031.081 -2.000
v -346.030 -2031.081 -3.000
v -165.493 -2031.081 -1.000
v 15.045 -2031.081 -1.000
v 195.582 -2031.081 -3.000
v 376.119 -2031.081 -2.000
v 556.657 -2031.081 1.000
v 737.194 -2031.081 0.000
v 917.731 -2031.081 0.000
v 1098.269 -2031.081 -1.000
v 1278.806 -2031.081 -2.000
v 1459.343 -2031.081 -3.000
v 1639.881 -2031.081 -1.000
v 1820.418 -2031.081 -1.000
v 2000.955 -2031.081 -1.000
v 2181.493 -2031.081 -1.000
v 2362.030 -2031.081 -1.000
v 2542.567 -2031.081 -4.000
v 2723.104 -2031.081 -1.000
v 2903.642 -2031.081 -5.000
v 3084.179 -2031.081 -1.000
v 3264.716 -2031.081 -2.000
v 3445.254 -2031.081 0.000
v 3625.791 -2031.081 -1.000
v 3806.328 -2031.081 -1.000
v 3986.866 -2031.081 0.000
v 4167.403 -2031.081 -1.000
v 4347.940 -2031.081 -1.000
v 4528.478 -2031.081 0.000
v 4709.015 -2031.081 -1.000
v 4889.552 -2031.081 1.000
v 5040.000 -2031.081 0.000
v -5040.000 -2211.622 -3.000
v -4859.463 -2211.622 -3.000
v -4678.925 -2211.622 -1.000
v -4498.388 -2211.622 -4.000
v -4317.851 -2211.622 -3.000
v -4137.313 -2211.622 -3.000
v -3956.776 -2211.622 -4.000
v -3776.239 -2211.622 -3.000
v -3595.701 -2211.622 -3.000
v -3415.164 -2211.622 -3.000
v -3234.627 -2211.622 -5.000
v -3054.090 -2211.622 -4.000
v -2873.552 -2211.622 -2.000
v -2693.015 -2211.622 -1.000
v -2512.478 -2211.622 -2.000
v -2331.940 -2211.622 -2.000
v -2151.403 -2211.622 -3.000
v -1970.866 -2211.622 -3.000
v -1790.328 -2211.622 -3.000
v -1609.791 -2211.622 -4.000
v -1429.254 -2211.622 -4.000
v -1248.716 -2211.622 -1.000
v -1068.179 -2211.622 -2.000
v -887.642 -2211.622 -2.000
v -707.104 -2211.622 -1.000
v -526.567 -2211.622 1.000
v -346.030 -2211.622 -1.000
v -165.493 -2211.622 2.000
v 15.045 -2211.622 1.000
v 195.582 -2211.622 -1.000
v 376.119 -2211.622 -1.000
v 556.657 -2211.622 -2.000
v 737.194 -2211.622 -1.000
v 917.731 -2211.622 -1.000
v 1098.269 -2211.622 -1.000
v 1278.806 -2211.622 0.000
v 1459.343 -2211.622 -2.000
v 1639.881 -2211.622 -2.000
v 1820.418 -2211.622 -1.000
v 2000.955 -2211.622 0.000
v 2181.493 -2211.622 -1.000
v 2362.030 -2211.622 -1.000
v 2542.567 -2211.622 -1.000
v 2723.104 -2211.622 -3.000
v 2903.642 -2211.622 -3.000
v 3084.179 -2211.622 -2.000
v 3264.716 -2211.622 1.000
v 3445.254 -2211.622 -3.000
v 3625.791 -2211.622 0.000
v 3806.328 -2211.622 0.000
v 3986.866 -2211.622 -2.000
v 4167.403 -2211.622 0.000
v 4347.940 -2211.622 -1.000
v 4528.478 -2211.622 0.000
v 4709.015 -2211.622 -2.000
v 4889.552 -2211.622 -1.000
v 5040.000 -2211.622 2.000
v -5040.000 -2392.162 -3.000
v -4859.463 -2392.162 -2.000
v -4678.925 -2392.162 -3.000
v -4498.388 -2392.162 -3.000
v -4317.851 -2392.162 -5.000
v -4137.313 -2392.162 -2.000
v -3956.776 -2392.162 -3.000
v -3776.239 -2392.162 -3.000
v -3595.701 -2392.162 -3.000
v -3415.164 -2392.162 -2.000
v -3234.627 -2392.162 -2.000
v -3054.090 -2392.162 -7.000
v -2873.552 -2392.162 -5.000
v -2693.015 -2392.162 -3.000
v -2512.478 -2392.162 -2.000
v -2331.940 -2392.162 -3.000
v -2151.403 -2392.162 -2.000
v -1970.866 -2392.162 -6.000
v -1790.328 -2392.162 0.000
v -1609.791 -2392.162 -1.000
v -1429.254 -2392.162 -2.000
v -1248.716 -2392.162 -3.000
v -1068.179 -2392.162 -1.000
v -887.642 -2392.162 -2.000
v -707.104 -2392.162 -1.000
v -526.567 -2392.162 -1.000
v -346.030 -2392.162 -1.000
v -165.493 -2392.162 -2.000
v 15.045 -2392.162 0.000
v 195.582 -2392.162 0.000
v 376.119 -2392.162 -1.000
v 556.657 -2392.162 -1.000
v 737.194 -2392.162 -1.000
v 917.731 -2392.162 -1.000
v 1098.269 -2392.162 1.000
v 1278.806 -2392.162 0.000
v 1459.343 -2392.162 -3.000
v 1639.881 -2392.162 -2.000
v 1820.418 -2392.162 -1.000
v 2000.955 -2392.162 -1.000
v 2181.493 -2392.162 -3.000
v 2362.030 -2392.162 -1.000
v 2542.567 -2392.162 -2.000
v 2723.104 -2392.162 1.000
v 2903.642 -2392.162 -1.000
v 3084.179 -2392.162 0.000
v 3264.716 -2392.162 -2.000
v 3445.254 -2392.162 0.000
v 3625.791 -2392.162 -2.000
v 3806.328 -2392.162 -3.000
v 3986.866 -2392.162 -1.000
v 4167.403 -2392.162 1.000
v 4347.940 -2392.162 -2.000
v 4528.478 -2392.162 0.000
v 4709.015 -2392.162 5.000
v 4889.552 -2392.162 -1.000
v 5040.000 -2392.162 0.000
v -5040.000 -2572.703 -3.000
v -4859.463 -2572.703 -5.000
v -4678.925 -2572.703 -2.000
v -4498.388 -2572.703 -2.000
v -4317.851 -2572.703 -4.000
v -4137.313 -2572.703 -5.000
v -3956.776 -2572.703 -3.000
v -3776.239 -2572.703 -4.000
v -3595.701 -2572.703 -5.000
v -3415.164 -2572.703 -2.000
v -3234.627 -2572.703 -3.000
v -3054.090 -2572.703 -4.000
v -2873.552 -2572.703 -2.000
v -2693.015 -2572.703 -3.000
v -2512.478 -2572.703 -3.000
v -2331.940 -2572.703 -3.000
v -2151.403 -2572.703 -2.000
v -1970.866 -2572.703 0.000
v -1790.328 -2572.703 -1.000
v -1609.791 -2572.703 -4.000
v -1429.254 -2572.703 -3.000
v -1248.716 -2572.703 -3.000
v -1068.179 -2572.703 1.000
v -887.642 -2572.703 -5.000
v -707.104 -2572.703 -1.000
v -526.567 -2572.703 -1.000
v -346.030 -2572.703 -3.000
v -165.493 -2572.703 1.000
v 15.045 -2572.703 0.000
v 195.582 -2572.703 -2.000
v 376.119 -2572.703 -1.000
v 556.657 -2572.703 -5.000
v 737.194 -2572.703 -1.000
v 917.731 -2572.703 -2.000
v 1098.269 -2572.703 1.000
v 1278.806 -2572.703 0.000
v 1459.343 -2572.703 -2.000
v 1639.881 -2572.703 -1.000
v 1820.418 -2572.703 -1.000
v 2000.955 -2572.703 -3.000
v 2181.493 -2572.703 -3.000
v 2362.030 -2572.703 -2.000
v 2542.567 -2572.703 -1.000
v 2723.104 -2572.703 -2.000
v 2903.642 -2572.703 -3.000
v 3084.179 -2572.703 -2.000
v 3264.716 -2572.703 -3.000
v 3445.254 -2572.703 0.000
v 3625.791 -2572.703 -2.000
v 3806.328 -2572.703 0.000
v 3986.866 -2572.703 -1.000
v 4167.403 -2572.703 0.000
v 4347.940 -2572.703 -1.000
v 4528.478 -2572.703 6.000
v 4709.015 -2572.703 1.000
v 4889.552 -2572.703 -1.000
v 5040.000 -2572.703 -2.000
v -5040.000 -2753.243 -4.000
v -4859.463 -2753.243 -4.000
v -4678.925 -2753.243 -5.000
v -4498.388 -2753.243 -3.000
v -4317.851 -2753.243 -6.000
v -4137.313 -2753.243 -3.000
v -3956.776 -2753.243 -5.000
v -3776.239 -2753.243 -4.000
v -3595.701 -2753.243 -3.000
v -3415.164 -2753.243 -4.000
v -3234.627 -2753.243 -4.000
v -3054.090 -2753.243 -2.000
v -2873.552 -2753.243 -4.000
v -2693.015 -2753.243 -5.000
v -2512.478 -2753.243 -5.000
v -2331.940 -2753.243 -4.000
v -2151.403 -2753.243 -2.000
v -1970.866 -2753.243 -2.000
v -1790.328 -2753.243 -2.000
v -1609.791 -2753.243 -2.000
v -1429.254 -2753.243 -3.000
v -1248.716 -2753.243 -2.000
v -1068.179 -2753.243 -1.000
v -887.642 -2753.243 0.000
v -707.104 -2753.243 0.000
v -526.567 -2753.243 -3.000
v -346.030 -2753.243 -2.000
v -165.493 -2753.243 -4.000
v 15.045 -2753.243 0.000
v 195.582 -2753.243 -2.000
v 376.119 -2753.243 -1.000
v 556.657 -2753.243 -2.000
v 737.194 -2753.243 -1.000
v 917.731 -2753.243 -2.000
v 1098.269 -2753.243 -2.000
v 1278.806 -2753.243 -2.000
v 1459.343 -2753.243 0.000
v 1639.881 -2753.243 -2.000
v 1820.418 -2753.243 -1.000
v 2000.955 -2753.243 -1.000
v 2181.493 -2753.243 -2.000
v 2362.030 -2753.243 -2.000
v 2542.567 -2753.243 -3.000
v 2723.104 -2753.243 -3.000
v 2903.642 -2753.243 -1.000
v 3084.179 -2753.243 -3.000
v 3264.716 -2753.243 -3.000
v 3445.254 -2753.243 -2.000
v 3625.791 -2753.243 -2.000
v 3806.328 -2753.243 -2.000
v 3986.866 -2753.243 -1.000
v 4167.403 -2753.243 -1.000
v 4347.940 -2753.243 0.000
v 4528.478 -2753.243 -1.000
v 4709.015 -2753.243 0.000
v 4889.552 -2753.243 1.000
v 5040.000 -2753.243 -1.000
v -5040.000 -2933.784 -3.000
v -4859.463 -2933.784 -3.000
v -4678.925 -2933.784 -3.000
v -4498.388 -2933.784 -7.000
v -4317.851 -2933.784 -5.000
v -4137.313 -2933.784 -4.000
v -3956.776 -2933.784 -2.000
v -3776.239 -2933.784 0.000
v -3595.701 -2933.784 -2.000
v -3415.164 -2933.784 -1.000
v -3234.627 -2933.784 -3.000
v -3054.090 -2933.784 -3.000
v -2873.552 -2933.784 -1.000
v -2693.015 -2933.784 -3.000
v -2512.478 -2933.784 -1.000
v -2331.940 -2933.784 -1.000
v -2151.403 -2933.784 -2.000
v -1970.866 -2933.784 0.000
v -1790.328 -2933.784 0.000
v -1609.791 -2933.784 -2.000
v -1429.254 -2933.784 -1.000
v -1248.716 -2933.784 -3.000
v -1068.179 -2933.784 -2.000
v -887.642 -2933.784 0.000
v -707.104 -2933.784 1.000
v -526.567 -2933.784 -2.000
v -346.030 -2933.784 -2.000
v -165.493 -2933.784 -2.000
v 15.045 -2933.784 -2.000
v 195.582 -2933.784 0.000
v 376.119 -2933.784 -1.000
v 556.657 -2933.784 -3.000
v 737.194 -2933.784 -2.000
v 917.731 -2933.784 -1.000
v 1098.269 -2933.784 -3.000
v 1278.806 -2933.784 -1.000
v 1459.343 -2933.784 -2.000
v 1639.881 -2933.784 -5.000
v 1820.418 -2933.784 -1.000
v 2000.955 -2933.784 1.000
v 2181.493 -2933.784 -3.000
v 2362.030 -2933.784 -2.000
v 2542.567 -2933.784 -1.000
v 2723.104 -2933.784 -2.000
v 2903.642 -2933.784 1.000
v 3084.179 -2933.784 2.000
v 3264.716 -2933.784 -3.000
v 3445.254 -2933.784 -2.000
v 3625.791 -2933.784 -1.000
v 3806.328 -2933.784 -2.000
v 3986.866 -2933.784 -2.000
v 4167.403 -2933.784 0.000
v 4347.940 -2933.784 0.000
v 4528.478 -2933.784 -1.000
v 4709.015 -2933.784 -1.000
v 4889.552 -2933.784 2.000
v 5040.000 -2933.784 -2.000
v -5040.000 -3114.324 -2.000
v -4859.463 -3114.324 -3.000
v -4678.925 -3114.324 -4.000
v -4498.388 -3114.324 -1.000
v -4317.851 -3114.324 -4.000
v -4137.313 -3114.324 1.000
v -3956.776 -3114.324 -1.000
v -3776.239 -3114.324 1.000
v -3595.701 -3114.324 -2.000
v -3415.164 -3114.324 -1.000
v -3234.627 -3114.324 -3.000
v -3054.090 -3114.324 -2.000
v -2873.552 -3114.324 -1.000
v -2693.015 -3114.324 -1.000
v -2512.478 -3114.324 -3.000
v -2331.940 -3114.324 -2.000
v -2151.403 -3114.324 -1.000
v -1970.866 -3114.324 -3.000
v -1790.328 -3114.324 -1.000
v -1609.791 -3114.324 -1.000
v -1429.254 -3114.324 0.000
v -1248.716 -3114.324 -2.000
v -1068.179 -3114.324 -1.000
v -887.642 -3114.324 -3.000
v -707.104 -3114.324 -2.000
v -526.567 -3114.324 -2.000
v -346.030 -3114.324 -2.000
v -165.493 -3114.324 -1.000
v 15.045 -3114.324 -1.000
v 195.582 -3114.324 -2.000
v 376.119 -3114.324 -3.000
v 556.657 -3114.324 -1.000
v 737.194 -3114.324 -3.000
v 917.731 -3114.324 -3.000
v 1098.269 -3114.324 -4.000
v 1278.806 -3114.324 -2.000
v 1459.343 -3114.324 -2.000
v 1639.881 -3114.324 -2.000
v 1820.418 -3114.324 -1.000
v 2000.955 -3114.324 -1.000
v 2181.493 -3114.324 2.000
v 2362.030 -3114.324 2.000
v 2542.567 -3114.324 -1.000
v 2723.104 -3114.324 2.000
v 2903.642 -3114.324 4.000
v 3084.179 -3114.324 3.000
v 3264.716 -3114.324 -1.000
v 3445.254 -3114.324 -2.000
v 3625.791 -3114.324 0.000
v 3806.328 -3114.324 -2.000
v 3986.866 -3114.324 0.000
v 4167.403 -3114.324 -1.000
v 4347.940 -3114.324 1.000
v 4528.478 -3114.324 1.000
v 4709.015 -3114.324 1.000
v 4889.552 -3114.324 -1.000
v 5040.000 -3114.324 3.000
v -5040.000 -3294.865 -4.000
v -4859.463 -3294.865 -1.000
v -4678.925 -3294.865 -3.000
v -4498.388 -3294.865 -2.000
v -4317.851 -3294.865 -6.000
v -4137.313 -3294.865 -3.000
v -3956.776 -3294.865 -2.000
v -3776.239 -3294.865 -3.000
v -3595.701 -3294.865 -1.000
v -3415.164 -3294.865 -2.000
v -3234.627 -3294.865 -3.000
v -3054.090 -3294.865 -2.000
v -2873.552 -3294.865 -2.000
v -2693.015 -3294.865 -1.000
v -2512.478 -3294.865 -1.000
v -2331.940 -3294.865 0.000
v -2151.403 -3294.865 -1.000
v -1970.866 -3294.865 0.000
v -1790.328 -3294.865 -2.000
v -1609.791 -3294.865 -1.000
v -1429.254 -3294.865 -3.000
v -1248.716 -3294.865 -1.000
v -1068.179 -3294.865 -3.000
v -887.642 -3294.865 -2.000
v -707.104 -3294.865 -2.000
v -526.567 -3294.865 -2.000
v -346.030 -3294.865 -2.000
v -165.493 -3294.865 -1.000
v 15.045 -3294.865 0.000
v 195.582 -3294.865 -2.000
v 376.119 -3294.865 -4.000
v 556.657 -3294.865 -2.000
v 737.194 -3294.865 -3.000
v 917.731 -3294.865 -1.000
v 1098.269 -3294.865 -3.000
v 1278.806 -3294.865 0.000
v 1459.343 -3294.865 -3.000
v 1639.881 -3294.865 -1.000
v 1820.418 -3294.865 -3.000
v 2000.955 -3294.865 -1.000
v 2181.493 -3294.865 -1.000
v 2362.030 -3294.865 1.000
v 2542.567 -3294.865 1.000
v 2723.104 -3294.865 0.000
v 2903.642 -3294.865 1.000
v 3084.179 -3294.865 2.000
v 3264.716 -3294.865 -1.000
v 3445.254 -3294.865 -1.000
v 3625.791 -3294.865 -1.000
v 3806.328 -3294.865 -1.000
v 3986.866 -3294.865 1.000
v 4167.403 -3294.865 0.000
v 4347.940 -3294.865 -1.000
v 4528.478 -3294.865 1.000
v 4709.015 -3294.865 -1.000
v 4889.552 -3294.865 2.000
v 5040.000 -3294.865 2.000
v -5040.000 -3475.405 -4.000
v -4859.463 -3475.405 -5.000
v -4678.925 -3475.405 -5.000
v -4498.388 -3475.405 -3.000
v -4317.851 -3475.405 -5.000
v -4137.313 -3475.405 -3.000
v -3956.776 -3475.405 -5.000
v -3776.239 -3475.405 -3.000
v -3595.701 -3475.405 -3.000
v -3415.164 -3475.405 -3.000
v -3234.627 -3475.405 0.000
v -3054.090 -3475.405 -3.000
v -2873.552 -3475.405 -2.000
v -2693.015 -3475.405 -2.000
v -2512.478 -3475.405 1.000
v -2331.940 -3475.405 -2.000
v -2151.403 -3475.405 -1.000
v -1970.866 -3475.405 1.000
v -1790.328 -3475.405 -2.000
v -1609.791 -3475.405 -4.000
v -1429.254 -3475.405 -3.000
v -1248.716 -3475.405 0.000
v -1068.179 -3475.405 -1.000
v -887.642 -3475.405 -1.000
v -707.104 -3475.405 -4.000
v -526.567 -3475.405 -1.000
v -346.030 -3475.405 -2.000
v -165.493 -3475.405 0.000
v 15.045 -3475.405 -2.000
v 195.582 -3475.405 -1.000
v 376.119 -3475.405 -3.000
v 556.657 -3475.405 -4.000
v 737.194 -3475.405 -4.000
v 917.731 -3475.405 -3.000
v 1098.269 -3475.405 -2.000
v 1278.806 -3475.405 1.000
v 1459.343 -3475.405 -1.000
v 1639.881 -3475.405 0.000
v 1820.418 -3475.405 -2.000
v 2000.955 -3475.405 0.000
v 2181.493 -3475.405 -1.000
v 2362.030 -3475.405 -3.000
v 2542.567 -3475.405 -2.000
v 2723.104 -3475.405 -1.000
v 2903.642 -3475.405 -1.000
v 3084.179 -3475.405 -2.000
v 3264.716 -3475.405 -3.000
v 3445.254 -3475.405 1.000
v 3625.791 -3475.405 0.000
v 3806.328 -3475.405 -5.000
v 3986.866 -3475.405 0.000
v 4167.403 -3475.405 1.000
v 4347.940 -3475.405 0.000
v 4528.478 -3475.405 0.000
v 4709.015 -3475.405 2.000
v 4889.552 -3475.405 1.000
v 5040.000 -3475.405 2.000
v -5040.000 -3655.946 -5.000
v -4859.463 -3655.946 -5.000
v -4678.925 -3655.946 -4.000
v -4498.388 -3655.946 -4.000
v -4317.851 -3655.946 -3.000
v -4137.313 -3655.946 -4.000
v -3956.776 -3655.946 -3.000
v -3776.239 -3655.946 -4.000
v -3595.701 -3655.946 -1.000
v -3415.164 -3655.946 -3.000
v -3234.627 -3655.946 1.000
v -3054.090 -3655.946 -3.000
v -2873.552 -3655.946 -5.000
v -2693.015 -3655.946 -2.000
v -2512.478 -3655.946 -3.000
v -2331.940 -3655.946 -3.000
v -2151.403 -3655.946 -1.000
v -1970.866 -3655.946 -1.000
v -1790.328 -3655.946 -3.000
v -1609.791 -3655.946 -1.000
v -1429.254 -3655.946 -1.000
v -1248.716 -3655.946 -1.000
v -1068.179 -3655.946 -2.000
v -887.642 -3655.946 -2.000
v -707.104 -3655.946 -2.000
v -526.567 -3655.946 -1.000
v -346.030 -3655.946 -2.000
v -165.493 -3655.946 -2.000
v 15.045 -3655.946 -2.000
v 195.582 -3655.946 -3.000
v 376.119 -3655.946 -1.000
v 556.657 -3655.946 -3.000
v 737.194 -3655.946 -4.000
v 917.731 -3655.946 -3.000
v 1098.269 -3655.946 -3.000
v 1278.806 -3655.946 0.000
v 1459.343 -3655.946 0.000
v 1639.881 -3655.946 0.000
v 1820.418 -3655.946 0.000
v 2000.955 -3655.946 1.000
v 2181.493 -3655.946 -4.000
v 2362.030 -3655.946 -1.000
v 2542.567 -3655.946 -2.000
v 2723.104 -3655.946 -1.000
v 2903.642 -3655.946 -1.000
v 3084.179 -3655.946 -1.000
v 3264.716 -3655.946 -2.000
v 3445.254 -3655.946 0.000
v 3625.791 -3655.946 -3.000
v 3806.328 -3655.946 1.000
v 3986.866 -3655.946 1.000
v 4167.403 -3655.946 2.000
v 4347.940 -3655.946 0.000
v 4528.478 -3655.946 0.000
v 4709.015 -3655.946 0.000
v 4889.552 -3655.946 0.000
v 5040.000 -3655.946 -1.000
v -5040.000 -3836.486 -4.000
v -4859.463 -3836.486 -5.000
v -4678.925 -3836.486 -5.000
v -4498.388 -3836.486 -3.000
v -4317.851 -3836.486 -1.000
v -4137.313 -3836.486 -3.000
v -3956.776 -3836.486 -5.000
v -3776.239 -3836.486 -3.000
v -3595.701 -3836.486 -1.000
v -3415.164 -3836.486 -1.000
v -3234.627 -3836.486 -3.000
v -3054.090 -3836.486 -1.000
v -2873.552 -3836.486 -3.000
v -2693.015 -3836.486 -3.000
v -2512.478 -3836.486 -3.000
v -2331.940 -3836.486 -2.000
v -2151.403 -3836.486 -2.000
v -1970.866 -3836.486 -1.000
v -1790.328 -3836.486 0.000
v -1609.791 -3836.486 0.000
v -1429.254 -3836.486 0.000
v -1248.716 -3836.486 -2.000
v -1068.179 -3836.486 -3.000
v -887.642 -3836.486 -3.000
v -707.104 -3836.486 -4.000
v -526.567 -3836.486 -2.000
v -346.030 -3836.486 -2.000
v -165.493 -3836.486 -2.000
v 15.045 -3836.486 -1.000
v 195.582 -3836.486 -5.000
v 376.119 -3836.486 -3.000
v 556.657 -3836.486 -1.000
v 737.194 -3836.486 0.000
v 917.731 -3836.486 -1.000
v 1098.269 -3836.486 -1.000
v 1278.806 -3836.486 -1.000
v 1459.343 -3836.486 1.000
v 1639.881 -3836.486 -3.000
v 1820.418 -3836.486 -2.000
v 2000.955 -3836.486 -2.000
v 2181.493 -3836.486 -1.000
v 2362.030 -3836.486 0.000
v 2542.567 -3836.486 -3.000
v 2723.104 -3836.486 -2.000
v 2903.642 -3836.486 1.000
v 3084.179 -3836.486 0.000
v 3264.716 -3836.486 0.000
v 3445.254 -3836.486 1.000
v 3625.791 -3836.486 2.000
v 3806.328 -3836.486 0.000
v 3986.866 -3836.486 -1.000
v 4167.403 -3836.486 -2.000
v 4347.940 -3836.486 0.000
v 4528.478 -3836.486 1.000
v 4709.015 -3836.486 1.000
v 4889.552 -3836.486 -1.000
v 5040.000 -3836.486 0.000
v -5040.000 -4017.027 -6.000
v -4859.463 -4017.027 -4.000
v -4678.925 -4017.027 -2.000
v -4498.388 -4017.027 -4.000
v -4317.851 -4017.027 -4.000
v -4137.313 -4017.027 -3.000
v -3956.776 -4017.027 -3.000
v -3776.239 -4017.027 -2.000
v -3595.701 -4017.027 -2.000
v -3415.164 -4017.027 -4.000
v -3234.627 -4017.027 -1.000
v -3054.090 -4017.027 -5.000
v -2873.552 -4017.027 -3.000
v -2693.015 -4017.027 -2.000
v -2512.478 -4017.027 -2.000
v -2331.940 -4017.027 -1.000
v -2151.403 -4017.027 -1.000
v -1970.866 -4017.027 -2.000
v -1790.328 -4017.027 -3.000
v -1609.791 -4017.027 -2.000
v -1429.254 -4017.027 -3.000
v -1248.716 -4017.027 -1.000
v -1068.179 -4017.027 -1.000
v -887.642 -4017.027 -2.000
v -707.104 -4017.027 -1.000
v -526.567 -4017.027 -2.000
v -346.030 -4017.027 -2.000
v -165.493 -4017.027 -3.000
v 15.045 -4017.027 -3.000
v 195.582 -4017.027 -4.000
v 376.119 -4017.027 0.000
v 556.657 -4017.027 -1.000
v 737.194 -4017.027 -1.000
v 917.731 -4017.027 -1.000
v 1098.269 -4017.027 -2.000
v 1278.806 -4017.027 -1.000
v 1459.343 -4017.027 -1.000
v 1639.881 -4017.027 1.000
v 1820.418 -4017.027 0.000
v 2000.955 -4017.027 -2.000
v 2181.493 -4017.027 -1.000
v 2362.030 -4017.027 -2.000
v 2542.567 -4017.027 0.000
v 2723.104 -4017.027 -3.000
v 2903.642 -4017.027 -3.000
v 3084.179 -4017.027 -1.000
v 3264.716 -4017.027 1.000
v 3445.254 -4017.027 0.000
v 3625.791 -4017.027 0.000
v 3806.328 -4017.027 -2.000
v 3986.866 -4017.027 -1.000
v 4167.403 -4017.027 -1.000
v 4347.940 -4017.027 0.000
v 4528.478 -4017.027 1.000
v 4709.015 -4017.027 0.000
v 4889.552 -4017.027 -2.000
v 5040.000 -4017.027 3.000
v -5040.000 -4197.568 -3.000
v -4859.463 -4197.568 -4.000
v -4678.925 -4197.568 -5.000
v -4498.388 -4197.568 -2.000
v -4317.851 -4197.568 -4.000
v -4137.313 -4197.568 -3.000
v -3956.776 -4197.568 -1.000
v -3776.239 -4197.568 -2.000
v -3595.701 -4197.568 -2.000
v -3415.164 -4197.568 -3.000
v -3234.627 -4197.568 -3.000
v -3054.090 -4197.568 -3.000
v -2873.552 -4197.568 -3.000
v -2693.015 -4197.568 -4.000
v -2512.478 -4197.568 -3.000
v -2331.940 -4197.568 0.000
v -2151.403 -4197.568 -1.000
v -1970.866 -4197.568 0.000
v -1790.328 -4197.568 -3.000
v -1609.791 -4197.568 -2.000
v -1429.254 -4197.568 -2.000
v -1248.716 -4197.568 -3.000
v -1068.179 -4197.568 -2.000
v -887.642 -4197.568 -4.000
v -707.104 -4197.568 -3.000
v -526.567 -4197.568 -2.000
v -346.030 -4197.568 -2.000
v -165.493 -4197.568 -2.000
v 15.045 -4197.568 -2.000
v 195.582 -4197.568 -1.000
v 376.119 -4197.568 -1.000
v 556.657 -4197.568 -3.000
v 737.194 -4197.568 -2.000
v 917.731 -4197.568 0.000
v 1098.269 -4197.568 -2.000
v 1278.806 -4197.568 1.000
v 1459.343 -4197.568 0.000
v 1639.881 -4197.568 1.000
v 1820.418 -4197.568 0.000
v 2000.955 -4197.568 0.000
v 2181.493 -4197.568 -1.000
v 2362.030 -4197.568 -1.000
v 2542.567 -4197.568 -1.000
v 2723.104 -4197.568 0.000
v 2903.642 -4197.568 0.000
v 3084.179 -4197.568 1.000
v 3264.716 -4197.568 3.000
v 3445.254 -4197.568 -1.000
v 3625.791 -4197.568 0.000
v 3806.328 -4197.568 2.000
v 3986.866 -4197.568 -1.000
v 4167.403 -4197.568 -1.000
v 4347.940 -4197.568 0.000
v 4528.478 -4197.568 -1.000
v 4709.015 -4197.568 -2.000
v 4889.552 -4197.568 -1.000
v 5040.000 -4197.568 0.000
v -5040.000 -4378.108 -3.000
v -4859.463 -4378.108 -4.000
v -4678.925 -4378.108 -3.000
v -4498.388 -4378.108 -2.000
v -4317.851 -4378.108 -2.000
v -4137.313 -4378.108 -3.000
v -3956.776 -4378.108 -2.000
v -3776.239 -4378.108 0.000
v -3595.701 -4378.108 -3.000
v -3415.164 -4378.108 -3.000
v -3234.627 -4378.108 -3.000
v -3054.090 -4378.108 -2.000
v -2873.552 -4378.108 -4.000
v -2693.015 -4378.108 -3.000
v -2512.478 -4378.108 -2.000
v -2331.940 -4378.108 -2.000
v -2151.403 -4378.108 -2.000
v -1970.866 -4378.108 -2.000
v -1790.328 -4378.108 0.000
v -1609.791 -4378.108 -5.000
v -1429.254 -4378.108 -2.000
v -1248.716 -4378.108 -3.000
v -1068.179 -4378.108 -2.000
v -887.642 -4378.108 -3.000
v -707.104 -4378.108 -1.000
v -526.567 -4378.108 -3.000
v -346.030 -4378.108 -2.000
v -165.493 -4378.108 -3.000
v 15.045 -4378.108 -2.000
v 195.582 -4378.108 2.000
v 376.119 -4378.108 0.000
v 556.657 -4378.108 0.000
v 737.194 -4378.108 -3.000
v 917.731 -4378.108 -1.000
v 1098.269 -4378.108 0.000
v 1278.806 -4378.108 -2.000
v 1459.343 -4378.108 -1.000
v 1639.881 -4378.108 -1.000
v 1820.418 -4378.108 -3.000
v 2000.955 -4378.108 -1.000
v 2181.493 -4378.108 -2.000
v 2362.030 -4378.108 -1.000
v 2542.567 -4378.108 3.000
v 2723.104 -4378.108 0.000
v 2903.642 -4378.108 3.000
v 3084.179 -4378.108 1.000
v 3264.716 -4378.108 -1.000
v 3445.254 -4378.108 0.000
v 3625.791 -4378.108 1.000
v 3806.328 -4378.108 -1.000
v 3986.866 -4378.108 0.000
v 4167.403 -4378.108 1.000
v 4347.940 -4378.108 0.000
v 4528.478 -4378.108 1.000
v 4709.015 -4378.108 -1.000
v 4889.552 -4378.108 0.000
v 5040.000 -4378.108 2.000
v -5040.000 -4558.649 -3.000
v -4859.463 -4558.649 -5.000
v -4678.925 -4558.649 -4.000
v -4498.388 -4558.649 -4.000
v -4317.851 -4558.649 -3.000
v -4137.313 -4558.649 -5.000
v -3956.776 -4558.649 -2.000
v -3776.239 -4558.649 -2.000
v -3595.701 -4558.649 -1.000
v -3415.164 -4558.649 0.000
v -3234.627 -4558.649 -1.000
v -3054.090 -4558.649 -1.000
v -2873.552 -4558.649 1.000
v -2693.015 -4558.649 -2.000
v -2512.478 -4558.649 -3.000
v -2331.940 -4558.649 -2.000
v -2151.403 -4558.649 -1.000
v -1970.866 -4558.649 -3.000
v -1790.328 -4558.649 -2.000
v -1609.791 -4558.649 -2.000
v -1429.254 -4558.649 -1.000
v -1248.716 -4558.649 -3.000
v -1068.179 -4558.649 -1.000
v -887.642 -4558.649 -3.000
v -707.104 -4558.649 -4.000
v -526.567 -4558.649 -4.000
v -346.030 -4558.649 -2.000
v -165.493 -4558.649 -2.000
v 15.045 -4558.649 -2.000
v 195.582 -4558.649 -3.000
v 376.119 -4558.649 0.000
v 556.657 -4558.649 0.000
v 737.194 -4558.649 -2.000
v 917.731 -4558.649 -2.000
v 1098.269 -4558.649 -2.000
v 1278.806 -4558.649 0.000
v 1459.343 -4558.649 0.000
v 1639.881 -4558.649 -1.000
v 1820.418 -4558.649 -1.000
v 2000.955 -4558.649 -1.000
v 2181.493 -4558.649 -2.000
v 2362.030 -4558.649 0.000
v 2542.567 -4558.649 0.000
v 2723.104 -4558.649 1.000
v 2903.642 -4558.649 4.000
v 3084.179 -4558.649 -1.000
v 3264.716 -4558.649 0.000
v 3445.254 -4558.649 0.000
v 3625.791 -4558.649 -2.000
v 3806.328 -4558.649 1.000
v 3986.866 -4558.649 -1.000
v 4167.403 -4558.649 1.000
v 4347.940 -4558.649 2.000
v 4528.478 -4558.649 0.000
v 4709.015 -4558.649 -1.000
v 4889.552 -4558.649 0.000
v 5040.000 -4558.649 0.000
v -5040.000 -4739.189 -4.000
v -4859.463 -4739.189 -6.000
v -4678.925 -4739.189 -6.000
v -4498.388 -4739.189 -3.000
v -4317.851 -4739.189 -3.000
v -4137.313 -4739.189 -3.000
v -3956.776 -4739.189 -5.000
v -3776.239 -4739.189 -1.000
v -3595.701 -4739.189 -4.000
v -3415.164 -4739.189 -5.000
v -3234.627 -4739.189 -4.000
v -3054.090 -4739.189 -2.000
v -2873.552 -4739.189 -4.000
v -2693.015 -4739.189 -3.000
v -2512.478 -4739.189 -3.000
v -2331.940 -4739.189 -1.000
v -2151.403 -4739.189 -3.000
v -1970.866 -4739.189 -2.000
v -1790.328 -4739.189 -4.000
v -1609.791 -4739.189 -2.000
v -1429.254 -4739.189 -2.000
v -1248.716 -4739.189 -2.000
v -1068.179 -4739.189 -4.000
v -887.642 -4739.189 -4.000
v -707.104 -4739.189 -2.000
v -526.567 -4739.189 -2.000
v -346.030 -4739.189 -2.000
v -165.493 -4739.189 -2.000
v 15.045 -4739.189 -1.000
v 195.582 -4739.189 -1.000
v 376.119 -4739.189 -1.000
v 556.657 -4739.189 1.000
v 737.194 -4739.189 -1.000
v 917.731 -4739.189 0.000
v 1098.269 -4739.189 -1.000
v 1278.806 -4739.189 -3.000
v 1459.343 -4739.189 -2.000
v 1639.881 -4739.189 0.000
v 1820.418 -4739.189 0.000
v 2000.955 -4739.189 0.000
v 2181.493 -4739.189 0.000
v 2362.030 -4739.189 2.000
v 2542.567 -4739.189 1.000
v 2723.104 -4739.189 3.000
v 2903.642 -4739.189 2.000
v 3084.179 -4739.189 -1.000
v 3264.716 -4739.189 2.000
v 3445.254 -4739.189 2.000
v 3625.791 -4739.189 0.000
v 3806.328 -4739.189 3.000
v 3986.866 -4739.189 3.000
v 4167.403 -4739.189 0.000
v 4347.940 -4739.189 -2.000
v 4528.478 -4739.189 0.000
v 4709.015 -4739.189 1.000
v 4889.552 -4739.189 2.000
v 5040.000 -4739.189 -1.000
v -5040.000 -4919.730 -2.000
v -4859.463 -4919.730 -4.000
v -4678.925 -4919.730 -6.000
v -4498.388 -4919.730 -3.000
v -4317.851 -4919.730 -2.000
v -4137.313 -4919.730 -4.000
v -3956.776 -4919.730 -2.000
v -3776.239 -4919.730 -2.000
v -3595.701 -4919.730 -4.000
v -3415.164 -4919.730 -1.000
v -3234.627 -4919.730 -2.000
v -3054.090 -4919.730 -3.000
v -2873.552 -4919.730 -1.000
v -2693.015 -4919.730 -2.000
v -2512.478 -4919.730 -2.000
v -2331.940 -4919.730 -3.000
v -2151.403 -4919.730 -3.000
v -1970.866 -4919.730 -6.000
v -1790.328 -4919.730 -4.000
v -1609.791 -4919.730 -4.000
v -1429.254 -4919.730 -4.000
v -1248.716 -4919.730 -3.000
v -1068.179 -4919.730 -2.000
v -887.642 -4919.730 -5.000
v -707.104 -4919.730 -3.000
v -526.567 -4919.730 -4.000
v -346.030 -4919.730 -3.000
v -165.493 -4919.730 -3.000
v 15.045 -4919.730 -2.000
v 195.582 -4919.730 0.000
v 376.119 -4919.730 -3.000
v 556.657 -4919.730 0.000
v 737.194 -4919.730 -2.000
v 917.731 -4919.730 -1.000
v 1098.269 -4919.730 -1.000
v 1278.806 -4919.730 0.000
v 1459.343 -4919.730 -1.000
v 1639.881 -4919.730 0.000
v 1820.418 -4919.730 -1.000
v 2000.955 -4919.730 0.000
v 2181.493 -4919.730 1.000
v 2362.030 -4919.730 -1.000
v 2542.567 -4919.730 -7.000
v 2723.104 -4919.730 -3.000
v 2903.642 -4919.730 -1.000
v 3084.179 -4919.730 -1.000
v 3264.716 -4919.730 1.000
v 3445.254 -4919.730 0.000
v 3625.791 -4919.730 0.000
v 3806.328 -4919.730 3.000
v 3986.866 -4919.730 -1.000
v 4167.403 -4919.730 2.000
v 4347.940 -4919.730 2.000
v 4528.478 -4919.730 3.000
v 4709.015 -4919.730 1.000
v 4889.552 -4919.730 0.000
v 5040.000 -4919.730 -2.000
v -5040.000 -5010.000 -2.000
v -4859.463 -5010.000 -3.000
v -4678.925 -5010.000 -5.000
v -4498.388 -5010.000 -5.000
v -4317.851 -5010.000 -5.000
v -4137.313 -5010.000 -2.000
v -3956.776 -5010.000 0.000
v -3776.239 -5010.000 -3.000
v -3595.701 -5010.000 -4.000
v -3415.164 -5010.000 -1.000
v -3234.627 -5010.000 -1.000
v -3054.090 -5010.000 0.000
v -2873.552 -5010.000 -2.000
v -2693.015 -5010.000 -2.000
v -2512.478 -5010.000 -2.000
v -2331.940 -5010.000 -4.000
v -2151.403 -5010.000 -2.000
v -1970.866 -5010.000 -5.000
v -1790.328 -5010.000 -4.000
v -1609.791 -5010.000 -3.000
v -1429.254 -5010.000 -3.000
v -1248.716 -5010.000 -3.000
v -1068.179 -5010.000 -3.000
v -887.642 -5010.000 -3.000
v -707.104 -5010.000 -3.000
v -526.567 -5010.000 -3.000
v -346.030 -5010.000 -1.000
v -165.493 -5010.000 -5.000
v 15.045 -5010.000 -5.000
v 195.582 -5010.000 -2.000
v 376.119 -5010.000 -1.000
v 556.657 -5010.000 0.000
v 737.194 -5010.000 -3.000
v 917.731 -5010.000 -1.000
v 1098.269 -5010.000 0.000
v 1278.806 -5010.000 -1.000
v 1459.343 -5010.000 -1.000
v 1639.881 -5010.000 -1.000
v 1820.418 -5010.000 -2.000
v 2000.955 -5010.000 -1.000
v 2181.493 -5010.000 -2.000
v 2362.030 -5010.000 1.000
v 2542.567 -5010.000 -1.000
v 2723.104 -5010.000 0.000
v 2903.642 -5010.000 0.000
v 3084.179 -5010.000 1.000
v 3264.716 -5010.000 2.000
v 3445.254 -5010.000 2.000
v 3625.791 -5010.000 3.000
v 3806.328 -5010.000 2.000
v 3986.866 -5010.000 0.000
v 4167.403 -5010.000 2.000
v 4347.940 -5010.000 0.000
v 4528.478 -5010.000 3.000
v 4709.015 -5010.000 0.000
v 4889.552 -5010.000 0.000
v 5040.000 -5010.000 1.000
f 1 58 2
f 2 58 59
f 2 59 3
f 3 59 60
f 3 60 4
f 4 60 61
f 4 61 5
f 5 61 62
f 5 62 6
f 6 62 63
f 6 63 7
f 7 63 64
f 7 64 8
f 8 64 65
f 8 65 9
f 9 65 66
f 9 66 10
f 10 66 67
f 10 67 11
f 11 67 68
f 11 68 12
f 12 68 69
f 12 69 13
f 13 69 70
f 13 70 14
f 14 70 71
f 14 71 15
f 15 71 72
f 15 72 16
f 16 72 73
f 16 73 17
f 17 73 74
f 17 74 18
f 18 74 75
f 18 75 19
f 19 75 76
f 19 76 20
f 20 76 77
f 20 77 21
f 21 77 78
f 21 78 22
f 22 78 79
f 22 79 23
f 23 79 80
f 23 80 24
f 24 80 81
f 24 81 25
f 25 81 82
f 25 82 26
f 26 82 83
f 26 83 27
f 27 83 84
f 27 84 28
f 28 84 85
f 28 85 29
f 29 85 86
f 29 86 30
f 30 86 87
f 30 87 31
f 31 87 88
f 31 88 32
f 32 88 89
f 32 89 33
f 33 89 90
f 33 90 34
f 34 90 91
f 34 91 35
f 35 91 92
f 35 92 36
f 36 92 93
f 36 93 37
f 37 93 94
f 37 94 38
f 38 94 95
f 38 95 39
f 39 95 96
f 39 96 40
f 40 96 97
f 40 97 41
f 41 97 98
f 41 98 42
f 42 98 99
f 42 99 43
f 43 99 100
f 43 100 44
f 44 100 101
f 44 101 45
f 45 101 102
f 45 102 46
f 46 102 103
f 46 103 47
f 47 103 104
f 47 104 48
f 48 104 105
f 48 105 49
f 49 105 106
f 49 106 50
f 50 106 107
f 50 107 51
f 51 107 108
f 51 108 52
f 52 108 109
f 52 109 53
f 53 109 110
f 53 110 54
f 54 110 111
f 54 111 55
f 55 111 112
f 55 112 56
f 56 112 113
f 56 113 57
f 57 113 114
f 58 115 59
f 59 115 116
f 59 116 60
f 60 116 117
f 60 117 61
f 61 117 118
f 61 118 62
f 62 118 119
f 62 119 63
f 63 119 120
f 63 120 64
f 64 120 121
f 64 121 65
f 65 121 122
f 65 122 66
f 66 122 123
f 66 123 67
f 67 123 124
f 67 124 68
f 68 124 125
f 68 125 69
f 69 125 126
f 69 126 70
f 70 126 127
f 70 127 71
f 71 127 128
f 71 128 72
f 72 128 129
f 72 129 73
f 73 129 130
f 73 130 74
f 74 130 131
f 74 131 75
f 75 131 132
f 75 132 76
f 76 132 133
f 76 133 77
f 77 133 134
f 77 134 78
f 78 134 135
f 78 135 79
f 79 135 136
f 79 136 80
f 80 136 137
f 80 137 81
f 81 137 138
f 81 138 82
f 82 138 139
f 82 139 83
f 83 139 140
f 83 140 84
f 84 140 141
f 84 141 85
f 85 141 142
f 85 142 86
f 86 142 143
f 86 143 87
f 87 143 144
f 87 144 88
f 88 144 145
f 88 145 89
f 89 145 146
f 89 146 90
f 90 146 147
f 90 147 91
f 91 147 148
f 91 148 92
f 92 148 149
f 92 149 93
f 93 149 150
f 93 150 94
f 94 150 151
f 94 151 95
f 95 151 152
f 95 152 96
f 96 152 153
f 96 153 97
f 97 153 154
f 97 154 98
f 98 154 155
f 98 155 99
f 99 155 156
f 99 156 100
f 100 156 157
f 100 157 101
f 101 157 158
f 101 158 102
f 102 158 159
f 102 159 103
f 103 159 160
f 103 160 104
f 104 160 161
f 104 161 105
f 105 161 162
f 105 162 106
f 106 162 163
f 106 163 107
f 107 163 164
f 107 164 108
f 108 164 165
f 108 165 109
f 109 165 166
f 109 166 110
f 110 166 167
f 110 167 111
f 111 167 168
f 111 168 112
f 112 168 169
f 112 169 113
f 113 169 170
f 113 170 114
f 114 170 171
f 115 172 116
f 116 172 173
f 116 173 117
f 117 173 174
f 117 174 118
f 118 174 175
f 118 175 119
f 119 175 176
f 119 176 120
f 120 176 177
f 120 177 121
f 121 177 178
f 121 178 122
f 122 178 179
f 122 179 123
f 123 179 180
f 123 180 124
f 124 180 181
f 124 181 125
f 125 181 182
f 125 182 126
f 126 182 183
f 126 183 127
f 127 183 184
f 127 184 128
f 128 184 185
f 128 185 129
f 129 185 186
f 129 186 130
f 130 186 187
f 130 187 131
f 131 187 188
f 131 188 132
f 132 188 189
f 132 189 133
f 133 189 190
f 133 190 134
f 134 190 191
f 134 191 135
f 135 191 192
f 135 192 136
f 136 192 193
f 136 193 137
f 137 193 194
f 137 194 138
f 138 194 195
f 138 195 139
f 139 195 196
f 139 196 140
f 140 196 197
f 140 197 141
f 141 197 198
f 141 198 142
f 142 198 199
f 142 199 143
f 143 199 200
f 143 200 144
f 144 200 201
f 144 201 145
f 145 201 202
f 145 202 146
f 146 202 203
f 146 203 147
f 147 203 204
f 147 204 148
f 148 204 205
f 148 205 149
f 149 205 206
f 149 206 150
f 150 206 207
f 150 207 151
f 151 207 208
f 151 208 152
f 152 208 209
f 152 209 153
f 153 209 210
f 153 210 154
f 154 210 211
f 154 211 155
f 155 211 212
f 155 212 156
f 156 212 213
f 156 213 157
f 157 213 214
f 157 214 158
f 158 214 215
f 158 215 159
f 159 215 216
f 159 216 160
f 160 216 217
f 160 217 161
f 161 217 218
f 161 218 162
f 162 218 219
f 162 219 163
f 163 219 220
f 163 220 164
f 164 220 221
f 164 221 165
f 165 221 222
f 165 222 166
f 166 222 223
f 166 223 167
f 167 223 224
f 167 224 168
f 168 224 225
f 168 225 169
f 169 225 226
f 169 226 170
f 170 226 227
f 170 227 171
f 171 227 228
f 172 229 173
f 173 229 230
f 173 230 174
f 174 230 231
f 174 231 175
f 175 231 232
f 175 232 176
f 176 232 233
f 176 233 177
f 177 233 234
f 177 234 178
f 178 234 235
f 178 235 179
f 179 235 236
f 179 236 180
f 180 236 237
f 180 237 181
f 181 237 238
f 181 238 182
f 182 238 239
f 182 239 183
f 183 239 240
f 183 240 184
f 184 240 241
f 184 241 185
f 185 241 242
f 185 242 186
f 186 242 243
f 186 243 187
f 187 243 244
f 187 244 188
f 188 244 245
f 188 245 189
f 189 245 246
f 189 246 190
f 190 246 247
f 190 247 191
f 191 247 248
f 191 248 192
f 192 248 249
f 192 249 193
f 193 249 250
f 193 250 194
f 194 250 251
f 194 251 195
f 195 251 252
f 195 252 196
f 196 252 253
f 196 253 197
f 197 253 254
f 197 254 198
f 198 254 255
f 198 255 199
f 199 255 256
f 199 256 200
f 200 256 257
f 200 257 201
f 201 257 258
f 201 258 202
f 202 258 259
f 202 259 203
f 203 259 260
f 203 260 204
f 204 260 261
f 204 261 205
f 205 261 262
f 205 262 206
f 206 262 263
f 206 263 207
f 207 263 264
f 207 264 208
f 208 264 265
f 208 265 209
f 209 265 266
f 209 266 210
f 210 266 267
f 210 267 211
f 211 267 268
f 211 268 212
f 212 268 269
f 212 269 213
f 213 269 270
f 213 270 214
f 214 270 271
f 214 271 215
f 215 271 272
f 215 272 216
f 216 272 273
f 216 273 217
f 217 273 274
f 217 274 218
f 218 274 275
f 218 275 219
f 219 275 276
f 219 276 220
f 220 276 277
f 220 277 221
f 221 277 278
f 221 278 222
f 222 278 279
f 222 279 223
f 223 279 280
f 223 280 224
f 224 280 281
f 224 281 225
f 225 281 282
f 225 282 226
f 226 282 283
f 226 283 227
f 227 283 284
f 227 284 228
f 228 284 285
f 229 286 230
f 230 286 287
f 230 287 231
f 231 287 288
f 231 288 232
f 232 288 289
f 232 289 233
f 233 289 290
f 233 290 234
f 234 290 291
f 234 291 235
f 235 291 292
f 235 292 236
f 236 292 293
f 236 293 237
f 237 293 294
f 237 294 238
f 238 294 295
f 238 295 239
f 239 295 296
f 239 296 240
f 240 296 297
f 240 297 241
f 241 297 298
f 241 298 242
f 242 298 299
f 242 299 243
f 243 299 300
f 243 300 244
f 244 300 301
f 244 301 245
f 245 301 302
f 245 302 246
f 246 302 303
f 246 303 247
f 247 303 304
f 247 304 248
f 248 304 305
f 248 305 249
f 249 305 306
f 249 306 250
f 250 306 307
f 250 307 251
f 251 307 308
f 251 308 252
f 252 308 309
f 252 309 253
f 253 309 310
f 253 310 254
f 254 310 311
f 254 311 255
f 255 311 312
f 255 312 256
f 256 312 313
f 256 313 257
f 257 313 314
f 257 314 258
f 258 314 315
f 258 315 259
f 259 315 316
f 259 316 260
f 260 316 317
f 260 317 261
f 261 317 318
f 261 318 262
f 262 318 319
f 262 319 263
f 263 319 320
f 263 320 264
f 264 320 321
f 264 321 265
f 265 321 322
f 265 322 266
f 266 322 323
f 266 323 267
f 267 323 324
f 267 324 268
f 268 324 325
f 268 325 269
f 269 325 326
f 269 326 270
f 270 326 327
f 270 327 271
f 271 327 328
f 271 328 272
f 272 328 329
f 272 329 273
f 273 329 330
f 273 330 274
f 274 330 331
f 274 331 275
f 275 331 332
f 275 332 276
f 276 332 333
f 276 333 277
f 277 333 334
f 277 334 278
f 278 334 335
f 278 335 279
f 279 335 336
f 279 336 280
f 280 336 337
f 280 337 281
f 281 337 338
f 281 338 282
f 282 338 339
f 282 339 283
f 283 339 340
f 283 340 284
f 284 340 341
f 284 341 285
f 285 341 342
f 286 343 287
f 287 343 344
f 287 344 288
f 288 344 345
f 288 345 289
f 289 345 346
f 289 346 290
f 290 346 347
f 290 347 291
f 291 347 348
f 291 348 292
f 292 348 349
f 292 349 293
f 293 349 350
f 293 350 294
f 294 350 351
f 294 351 295
f 295 351 352
f 295 352 296
f 296 352 353
f 296 353 297
f 297 353 354
f 297 354 298
f 298 354 355
f 298 355 299
f 299 355 356
f 299 356 300
f 300 356 357
f 300 357 301
f 301 357 358
f 301 358 302
f 302 358 359
f 302 359 303
f 303 359 360
f 303 360 304
f 304 360 361
f 304 361 305
f 305 361 362
f 305 362 306
f 306 362 363
f 306 363 307
f 307 363 364
f 307 364 308
f 308 364 365
f 308 365 309
f 309 365 366
f 309 366 310
f 310 366 367
f 310 367 311
f 311 367 368
f 311 368 312
f 312 368 369
f 312 369 313
f 313 369 370
f 313 370 314
f 314 370 371
f 314 371 315
f 315 371 372
f 315 372 316
f 316 372 373
f 316 373 317
f 317 373 374
f 317 374 318
f 318 374 375
f 318 375 319
f 319 375 376
f 319 376 320
f 320 376 377
f 320 377 321
f 321 377 378
f 321 378 322
f 322 378 379
f 322 379 323
f 323 379 380
f 323 380 324
f 324 380 381
f 324 381 325
f 325 381 382
f 325 382 326
f 326 382 383
f 326 383 327
f 327 383 384
f 327 384 328
f 328 384 385
f 328 385 329
f 329 385 386
f 329 386 330
f 330 386 387
f 330 387 331
f 331 387 388
f 331 388 332
f 332 388 389
f 332 389 333
f 333 389 390
f 333 390 334
f 334 390 391
f 334 391 335
f 335 391 392
f 335 392 336
f 336 392 393
f 336 393 337
f 337 393 394
f 337 394 338
f 338 394 395
f 338 395 339
f 339 395 396
f 339 396 340
f 340 396 397
f 340 397 341
f 341 397 398
f 341 398 342
f 342 398 399
f 343 400 344
f 344 400 401
f 344 401 345
f 345 401 402
f 345 402 346
f 346 402 403
f 346 403 347
f 347 403 404
f 347 404 348
f 348 404 405
f 348 405 349
f 349 405 406
f 349 406 350
f 350 406 407
f 350 407 351
f 351 407 408
f 351 408 352
f 352 408 409
f 352 409 353
f 353 409 410
f 353 410 354
f 354 410 411
f 354 411 355
f 355 411 412
f 355 412 356
f 356 412 413
f 356 413 357
f 357 413 414
f 357 414 358
f 358 414 415
f 358 415 359
f 359 415 416
f 359 416 360
f 360 416 417
f 360 417 361
f 361 417 418
f 361 418 362
f 362 418 419
f 362 419 363
f 363 419 420
f 363 420 364
f 364 420 421
f 364 421 365
f 365 421 422
f 365 422 366
f 366 422 423
f 366 423 367
f 367 423 424
f 367 424 368
f 368 424 425
f 368 425 369
f 369 425 426
f 369 426 370
f 370 426 427
f 370 427 371
f 371 427 428
f 371 428 372
f 372 428 429
f 372 429 373
f 373 429 430
f 373 430 374
f 374 430 431
f 374 431 375
f 375 431 432
f 375 432 376
f 376 432 433
f 376 433 377
f 377 433 434
f 377 434 378
f 378 434 435
f 378 435 379
f 379 435 436
f 379 436 380
f 380 436 437
f 380 437 381
f 381 437 438
f 381 438 382
f 382 438 439
f 382 439 383
f 383 439 440
f 383 440 384
f 384 440 441
f 384 441 385
f 385 441 442
f 385 442 386
f 386 442 443
f 386 443 387
f 387 443 444
f 387 444 388
f 388 444 445
f 388 445 389
f 389 445 446
f 389 446 390
f 390 446 447
f 390 447 391
f 391 447 448
f 391 448 392
f 392 448 449
f 392 449 393
f 393 449 450
f 393 450 394
f 394 450 451
f 394 451 395
f 395 451 452
f 395 452 396
f 396 452 453
f 396 453 397
f 397 453 454
f 397 454 398
f 398 454 455
f 398 455 399
f 399 455 456
f 400 457 401
f 401 457 458
f 401 458 402
f 402 458 459
f 402 459 403
f 403 459 460
f 403 460 404
f 404 460 461
f 404 461 405
f 405 461 462
f 405 462 406
f 406 462 463
f 406 463 407
f 407 463 464
f 407 464 408
f 408 464 465
f 408 465 409
f 409 465 466
f 409 466 410
f 410 466 467
f 410 467 411
f 411 467 468
f 411 468 412
f 412 468 469
f 412 469 413
f 413 469 470
f 413 470 414
f 414 470 471
f 414 471 415
f 415 471 472
f 415 472 416
f 416 472 473
f 416 473 417
f 417 473 474
f 417 474 418
f 418 474 475
f 418 475 419
f 419 475 476
f 419 476 420
f 420 476 477
f 420 477 421
f 421 477 478
f 421 478 422
f 422 478 479
f 422 479 423
f 423 479 480
f 423 480 424
f 424 480 481
f 424 481 425
f 425 481 482
f 425 482 426
f 426 482 483
f 426 483 427
f 427 483 484
f 427 484 428
f 428 484 485
f 428 485 429
f 429 485 486
f 429 486 430
f 430 486 487
f 430 487 431
f 431 487 488
f 431 488 432
f 432 488 489
f 432 489 433
f 433 489 490
f 433 490 434
f 434 490 491
f 434 491 435
f 435 491 492
f 435 492 436
f 436 492 493
f 436 493 437
f 437 493 494
f 437 494 438
f 438 494 495
f 438 495 439
f 439 495 496
f 439 496 440
f 440 496 497
f 440 497 441
f 441 497 498
f 441 498 442
f 442 498 499
f 442 499 443
f 443 499 500
f 443 500 444
f 444 500 501
f 444 501 445
f 445 501 502
f 445 502 446
f 446 502 503
f 446 503 447
f 447 503 504
f 447 504 448
f 448 504 505
f 448 505 449
f 449 505 506
f 449 506 450
f 450 506 507
f 450 507 451
f 451 507 508
f 451 508 452
f 452 508 509
f 452 509 453
f 453 509 510
f 453 510 454
f 454 510 511
f 454 511 455
f 455 511 512
f 455 512 456
f 456 512 513
f 457 514 458
f 458 514 515
f 458 515 459
f 459 515 516
f 459 516 460
f 460 516 517
f 460 517 461
f 461 517 518
f 461 518 462
f 462 518 519
f 462 519 463
f 463 519 520
f 463 520 464
f 464 520 521
f 464 521 465
f 465 521 522
f 465 522 466
f 466 522 523
f 466 523 467
f 467 523 524
f 467 524 468
f 468 524 525
f 468 525 469
f 469 525 526
f 469 526 470
f 470 526 527
f 470 527 471
f 471 527 528
f 471 528 472
f 472 528 529
f 472 529 473
f 473 529 530
f 473 530 474
f 474 530 531
f 474 531 475
f 475 531 532
f 475 532 476
f 476 532 533
f 476 533 477
f 477 533 534
f 477 534 478
f 478 534 535
f 478 535 479
f 479 535 536
f 479 536 480
f 480 536 537
f 480 537 481
f 481 537 538
f 481 538 482
f 482 538 539
f 482 539 483
f 483 539 540
f 483 540 484
f 484 540 541
f 484 541 485
f 485 541 542
f 485 542 486
f 486 542 543
f 486 543 487
f 487 543 544
f 487 544 488
f 488 544 545
f 488 545 489
f 489 545 546
f 489 546 490
f 490 546 547
f 490 547 491
f 491 547 548
f 491 548 492
f 492 548 549
f 492 549 493
f 493 549 550
f 493 550 494
f 494 550 551
f 494 551 495
f 495 551 552
f 495 552 496
f 496 552 553
f 496 553 497
f 497 553 554
f 497 554 498
f 498 554 555
f 498 555 499
f 499 555 556
f 499 556 500
f 500 556 557
f 500 557 501
f 501 557 558
f 501 558 502
f 502 558 559
f 502 559 503
f 503 559 560
f 503 560 504
f 504 560 561
f 504 561 505
f 505 561 562
f 505 562 506
f 506 562 563
f 506 563 507
f 507 563 564
f 507 564 508
f 508 564 565
f 508 565 509
f 509 565 566
f 509 566 510
f 510 566 567
f 510 567 511
f 511 567 568
f 511 568 512
f 512 568 569
f 512 569 513
f 513 569 570
f 514 571 515
f 515 571 572
f 515 572 516
f 516 572 573
f 516 573 517
f 517 573 574
f 517 574 518
f 518 574 575
f 518 575 519
f 519 575 576
f 519 576 520
f 520 576 577
f 520 577 521
f 521 577 578
f 521 578 522
f 522 578 579
f 522 579 523
f 523 579 580
f 523 580 524
f 524 580 581
f 524 581 525
f 525 581 582
f 525 582 526
f 526 582 583
f 526 583 527
f 527 583 584
f 527 584 528
f 528 584 585
f 528 585 529
f 529 585 586
f 529 586 530
f 530 586 587
f 530 587 531
f 531 587 588
f 531 588 532
f 532 588 589
f 532 589 533
f 533 589 590
f 533 590 534
f 534 590 591
f 534 591 535
f 535 591 592
f 535 592 536
f 536 592 593
f 536 593 537
f 537 593 594
f 537 594 538
f 538 594 595
f 538 595 539
f 539 595 596
f 539 596 540
f 540 596 597
f 540 597 541
f 541 597 598
f 541 598 542
f 542 598 599
f 542 599 543
f 543 599 600
f 543 600 544
f 544 600 601
f 544 601 545
f 545 601 602
f 545 602 546
f 546 602 603
f 546 603 547
f 547 603 604
f 547 604 548
f 548 604 605
f 548 605 549
f 549 605 606
f 549 606 550
f 550 606 607
f 550 607 551
f 551 607 608
f 551 608 552
f 552 608 609
f 552 609 553
f 553 609 610
f 553 610 554
f 554 610 611
f 554 611 555
f 555 611 612
f 555 612 556
f 556 612 613
f 556 613 557
f 557 613 614
f 557 614 558
f 558 614 615
f 558 615 559
f 559 615 616
f 559 616 560
f 560 616 617
f 560 617 561
f 561 617 618
f 561 618 562
f 562 618 619
f 562 619 563
f 563 619 620
f 563 620 564
f 564 620 621
f 564 621 565
f 565 621 622
f 565 622 566
f 566 622 623
f 566 623 567
f 567 623 624
f 567 624 568
f 568 624 625
f 568 625 569
f 569 625 626
f 569 626 570
f 570 626 627
f 571 628 572
f 572 628 629
f 572 629 573
f 573 629 630
f 573 630 574
f 574 630 631
f 574 631 575
f 575 631 632
f 575 632 576
f 576 632 633
f 576 633 577
f 577 633 634
f 577 634 578
f 578 634 635
f 578 635 579
f 579 635 636
f 579 636 580
f 580 636 637
f 580 637 581
f 581 637 638
f 581 638 582
f 582 638 639
f 582 639 583
f 583 639 640
f 583 640 584
f 584 640 641
f 584 641 585
f 585 641 642
f 585 642 586
f 586 642 643
f 586 643 587
f 587 643 644
f 587 644 588
f 588 644 645
f 588 645 589
f 589 645 646
f 589 646 590
f 590 646 647
f 590 647 591
f 591 647 648
f 591 648 592
f 592 648 649
f 592 649 593
f 593 649 650
f 593 650 594
f 594 650 651
f 594 651 595
f 595 651 652
f 595 652 596
f 596 652 653
f 596 653 597
f 597 653 654
f 597 654 598
f 598 654 655
f 598 655 599
f 599 655 656
f 599 656 600
f 600 656 657
f 600 657 601
f 601 657 658
f 601 658 602
f 602 658 659
f 602 659 603
f 603 659 660
f 603 660 604
f 604 660 661
f 604 661 605
f 605 661 662
f 605 662 606
f 606 662 663
f 606 663 607
f 607 663 664
f 607 664 608
f 608 664 665
f 608 665 609
f 609 665 666
f 609 666 610
f 610 666 667
f 610 667 611
f 611 667 668
f 611 668 612
f 612 668 669
f 612 669 613
f 613 669 670
f 613 670 614
f 614 670 671
f 614 671 615
f 615 671 672
f 615 672 616
f 616 672 673
f 616 673 617
f 617 673 674
f 617 674 618
f 618 674 675
f 618 675 619
f 619 675 676
f 619 676 620
f 620 676 677
f 620 677 621
f 621 677 678
f 621 678 622
f 622 678 679
f 622 679 623
f 623 679 680
f 623 680 624
f 624 680 681
f 624 681 625
f 625 681 682
f 625 682 626
f 626 682 683
f 626 683 627
f 627 683 684
f 628 685 629
f 629 685 686
f 629 686 630
f 630 686 687
f 630 687 631
f 631 687 688
f 631 688 632
f 632 688 689
f 632 689 633
f 633 689 690
f 633 690 634
f 634 690 691
f 634 691 635
f 635 691 692
f 635 692 636
f 636 692 693
f 636 693 637
f 637 693 694
f 637 694 638
f 638 694 695
f 638 695 639
f 639 695 696
f 639 696 640
f 640 696 697
f 640 697 641
f 641 697 698
f 641 698 642
f 642 698 699
f 642 699 643
f 643 699 700
f 643 700 644
f 644 700 701
f 644 701 645
f 645 701 702
f 645 702 646
f 646 702 703
f 646 703 647
f 647 703 704
f 647 704 648
f 648 704 705
f 648 705 649
f 649 705 706
f 649 706 650
f 650 706 707
f 650 707 651
f 651 707 708
f 651 708 652
f 652 708 709
f 652 709 653
f 653 709 710
f 653 710 654
f 654 710 711
f 654 711 655
f 655 711 712
f 655 712 656
f 656 712 713
f 656 713 657
f 657 713 714
f 657 714 658
f 658 714 715
f 658 715 659
f 659 715 716
f 659 716 660
f 660 716 717
f 660 717 661
f 661 717 718
f 661 718 662
f 662 718 719
f 662 719 663
f 663 719 720
f 663 720 664
f 664 720 721
f 664 721 665
f 665 721 722
f 665 722 666
f 666 722 723
f 666 723 667
f 667 723 724
f 667 724 668
f 668 724 725
f 668 725 669
f 669 725 726
f 669 726 670
f 670 726 727
f 670 727 671
f 671 727 728
f 671 728 672
f 672 728 729
f 672 729 673
f 673 729 730
f 673 730 674
f 674 730 731
f 674 731 675
f 675 731 732
f 675 732 676
f 676 732 733
f 676 733 677
f 677 733 734
f 677 734 678
f 678 734 735
f 678 735 679
f 679 735 736
f 679 736 680
f 680 736 737
f 680 737 681
f 681 737 738
f 681 738 682
f 682 738 739
f 682 739 683
f 683 739 740
f 683 740 684
f 684 740 741
f 685 742 686
f 686 742 743
f 686 743 687
f 687 743 744
f 687 744 688
f 688 744 745
f 688 745 689
f 689 745 746
f 689 746 690
f 690 746 747
f 690 747 691
f 691 747 748
f 691 748 692
f 692 748 749
f 692 749 693
f 693 749 750
f 693 750 694
f 694 750 751
f 694 751 695
f 695 751 752
f 695 752 696
f 696 752 753
f 696 753 697
f 697 753 754
f 697 754 698
f 698 754 755
f 698 755 699
f 699 755 756
f 699 756 700
f 700 756 757
f 700 757 701
f 701 757 758
f 701 758 702
f 702 758 759
f 702 759 703
f 703 759 760
f 703 760 704
f 704 760 761
f 704 761 705
f 705 761 762
f 705 762 706
f 706 762 763
f 706 763 707
f 707 763 764
f 707 764 708
f 708 764 765
f 708 765 709
f 709 765 766
f 709 766 710
f 710 766 767
f 710 767 711
f 711 767 768
f 711 768 712
f 712 768 769
f 712 769 713
f 713 769 770
f 713 770 714
f 714 770 771
f 714 771 715
f 715 771 772
f 715 772 716
f 716 772 773
f 716 773 717
f 717 773 774
f 717 774 718
f 718 774 775
f 718 775 719
f 719 775 776
f 719 776 720
f 720 776 777
f 720 777 721
f 721 777 778
f 721 778 722
f 722 778 779
f 722 779 723
f 723 779 780
f 723 780 724
f 724 780 781
f 724 781 725
f 725 781 782
f 725 782 726
f 726 782 783
f 726 783 727
f 727 783 784
f 727 784 728
f 728 784 785
f 728 785 729
f 729 785 786
f 729 786 730
f 730 786 787
f 730 787 731
f 731 787 788
f 731 788 732
f 732 788 789
f 732 789 733
f 733 789 790
f 733 790 734
f 734 790 791
f 734 791 735
f 735 791 792
f 735 792 736
f 736 792 793
f 736 793 737
f 737 793 794
f 737 794 738
f 738 794 795
f 738 795 739
f 739 795 796
f 739 796 740
f 740 796 797
f 740 797 741
f 741 797 798
f 742 799 743
f 743 799 800
f 743 800 744
f 744 800 801
f 744 801 745
f 745 801 802
f 745 802 746
f 746 802 803
f 746 803 747
f 747 803 804
f 747 804 748
f 748 804 805
f 748 805 749
f 749 805 806
f 749 806 750
f 750 806 807
f 750 807 751
f 751 807 808
f 751 808 752
f 752 808 809
f 752 809 753
f 753 809 810
f 753 810 754
f 754 810 811
f 754 811 755
f 755 811 812
f 755 812 756
f 756 812 813
f 756 813 757
f 757 813 814
f 757 814 758
f 758 814 815
f 758 815 759
f 759 815 816
f 759 816 760
f 760 816 817
f 760 817 761
f 761 817 818
f 761 818 762
f 762 818 819
f 762 819 763
f 763 819 820
f 763 820 764
f 764 820 821
f 764 821 765
f 765 821 822
f 765 822 766
f 766 822 823
f 766 823 767
f 767 823 824
f 767 824 768
f 768 824 825
f 768 825 769
f 769 825 826
f 769 826 770
f 770 826 827
f 770 827 771
f 771 827 828
f 771 828 772
f 772 828 829
f 772 829 773
f 773 829 830
f 773 830 774
f 774 830 831
f 774 831 775
f 775 831 832
f 775 832 776
f 776 832 833
f 776 833 777
f 777 833 834
f 777 834 778
f 778 834 835
f 778 835 779
f 779 835 836
f 779 836 780
f 780 836 837
f 780 837 781
f 781 837 838
f 781 838 782
f 782 838 839
f 782 839 783
f 783 839 840
f 783 840 784
f 784 840 841
f 784 841 785
f 785 841 842
f 785 842 786
f 786 842 843
f 786 843 787
f 787 843 844
f 787 844 788
f 788 844 845
f 788 845 789
f 789 845 846
f 789 846 790
f 790 846 847
f 790 847 791
f 791 847 848
f 791 848 792
f 792 848 849
f 792 849 793
f 793 849 850
f 793 850 794
f 794 850 851
f 794 851 795
f 795 851 852
f 795 852 796
f 796 852 853
f 796 853 797
f 797 853 854
f 797 854 798
f 798 854 855
f 799 856 800
f 800 856 857
f 800 857 801
f 801 857 858
f 801 858 802
f 802 858 859
f 802 859 803
f 803 859 860
f 803 860 804
f 804 860 861
f 804 861 805
f 805 861 862
f 805 862 806
f 806 862 863
f 806 863 807
f 807 863 864
f 807 864 808
f 808 864 865
f 808 865 809
f 809 865 866
f 809 866 810
f 810 866 867
f 810 867 811
f 811 867 868
f 811 868 812
f 812 868 869
f 812 869 813
f 813 869 870
f 813 870 814
f 814 870 871
f 814 871 815
f 815 871 872
f 815 872 816
f 816 872 873
f 816 873 817
f 817 873 874
f 817 874 818
f 818 874 875
f 818 875 819
f 819 875 876
f 819 876 820
f 820 876 877
f 820 877 821
f 821 877 878
f 821 878 822
f 822 878 879
f 822 879 823
f 823 879 880
f 823 880 824
f 824 880 881
f 824 881 825
f 825 881 882
f 825 882 826
f 826 882 883
f 826 883 827
f 827 883 884
f 827 884 828
f 828 884 885
f 828 885 829
f 829 885 886
f 829 886 830
f 830 886 887
f 830 887 831
f 831 887 888
f 831 888 832
f 832 888 889
f 832 889 833
f 833 889 890
f 833 890 834
f 834 890 891
f 834 891 835
f 835 891 892
f 835 892 836
f 836 892 893
f 836 893 837
f 837 893 894
f 837 894 838
f 838 894 895
f 838 895 839
f 839 895 896
f 839 896 840
f 840 896 897
f 840 897 841
f 841 897 898
f 841 898 842
f 842 898 899
f 842 899 843
f 843 899 900
f 843 900 844
f 844 900 901
f 844 901 845
f 845 901 902
f 845 902 846
f 846 902 903
f 846 903 847
f 847 903 904
f 847 904 848
f 848 904 905
f 848 905 849
f 849 905 906
f 849 906 850
f 850 906 907
f 850 907 851
f 851 907 908
f 851 908 852
f 852 908 909
f 852 909 853
f 853 909 910
f 853 910 854
f 854 910 911
f 854 911 855
f 855 911 912
f 856 913 857
f 857 913 914
f 857 914 858
f 858 914 915
f 858 915 859
f 859 915 916
f 859 916 860
f 860 916 917
f 860 917 861
f 861 917 918
f 861 918 862
f 862 918 919
f 862 919 863
f 863 919 920
f 863 920 864
f 864 920 921
f 864 921 865
f 865 921 922
f 865 922 866
f 866 922 923
f 866 923 867
f 867 923 924
f 867 924 868
f 868 924 925
f 868 925 869
f 869 925 926
f 869 926 870
f 870 926 927
f 870 927 871
f 871 927 928
f 871 928 872
f 872 928 929
f 872 929 873
f 873 929 930
f 873 930 874
f 874 930 931
f 874 931 875
f 875 931 932
f 875 932 876
f 876 932 933
f 876 933 877
f 877 933 934
f 877 934 878
f 878 934 935
f 878 935 879
f 879 935 936
f 879 936 880
f 880 936 937
f 880 937 881
f 881 937 938
f 881 938 882
f 882 938 939
f 882 939 883
f 883 939 940
f 883 940 884
f 884 940 941
f 884 941 885
f 885 941 942
f 885 942 886
f 886 942 943
f 886 943 887
f 887 943 944
f 887 944 888
f 888 944 945
f 888 945 889
f 889 945 946
f 889 946 890
f 890 946 947
f 890 947 891
f 891 947 948
f 891 948 892
f 892 948 949
f 892 949 893
f 893 949 950
f 893 950 894
f 894 950 951
f 894 951 895
f 895 951 952
f 895 952 896
f 896 952 953
f 896 953 897
f 897 953 954
f 897 954 898
f 898 954 955
f 898 955 899
f 899 955 956
f 899 956 900
f 900 956 957
f 900 957 901
f 901 957 958
f 901 958 902
f 902 958 959
f 902 959 903
f 903 959 960
f 903 960 904
f 904 960 961
f 904 961 905
f 905 961 962
f 905 962 906
f 906 962 963
f 906 963 907
f 907 963 964
f 907 964 908
f 908 964 965
f 908 965 909
f 909 965 966
f 909 966 910
f 910 966 967
f 910 967 911
f 911 967 968
f 911 968 912
f 912 968 969
f 913 970 914
f 914 970 971
f 914 971 915
f 915 971 972
f 915 972 916
f 916 972 973
f 916 973 917
f 917 973 974
f 917 974 918
f 918 974 975
f 918 975 919
f 919 975 976
f 919 976 920
f 920 976 977
f 920 977 921
f 921 977 978
f 921 978 922
f 922 978 979
f 922 979 923
f 923 979 980
f 923 980 924
f 924 980 981
f 924 981 925
f 925 981 982
f 925 982 926
f 926 982 983
f 926 983 927
f 927 983 984
f 927 984 928
f 928 984 985
f 928 985 929
f 929 985 986
f 929 986 930
f 930 986 987
f 930 987 931
f 931 987 988
f 931 988 932
f 932 988 989
f 932 989 933
f 933 989 990
f 933 990 934
f 934 990 991
f 934 991 935
f 935 991 992
f 935 992 936
f 936 992 993
f 936 993 937
f 937 993 994
f 937 994 938
f 938 994 995
f 938 995 939
f 939 995 996
f 939 996 940
f 940 996 997
f 940 997 941
f 941 997 998
f 941 998 942
f 942 998 999
f 942 999 943
f 943 999 1000
f 943 1000 944
f 944 1000 1001
f 944 1001 945
f 945 1001 1002
f 945 1002 946
f 946 1002 1003
f 946 1003 947
f 947 1003 1004
f 947 1004 948
f 948 1004 1005
f 948 1005 949
f 949 1005 1006
f 949 1006 950
f 950 1006 1007
f 950 1007 951
f 951 1007 1008
f 951 1008 952
f 952 1008 1009
f 952 1009 953
f 953 1009 1010
f 953 1010 954
f 954 1010 1011
f 954 1011 955
f 955 1011 1012
f 955 1012 956
f 956 1012 1013
f 956 1013 957
f 957 1013 1014
f 957 1014 958
f 958 1014 1015
f 958 1015 959
f 959 1015 1016
f 959 1016 960
f 960 1016 1017
f 960 1017 961
f 961 1017 1018
f 961 1018 962
f 962 1018 1019
f 962 1019 963
f 963 1019 1020
f 963 1020 964
f 964 1020 1021
f 964 1021 965
f 965 1021 1022
f 965 1022 966
f 966 1022 1023
f 966 1023 967
f 967 1023 1024
f 967 1024 968
f 968 1024 1025
f 968 1025 969
f 969 1025 1026
f 970 1027 971
f 971 1027 1028
f 971 1028 972
f 972 1028 1029
f 972 1029 973
f 973 1029 1030
f 973 1030 974
f 974 1030 1031
f 974 1031 975
f 975 1031 1032
f 975 1032 976
f 976 1032 1033
f 976 1033 977
f 977 1033 1034
f 977 1034 978
f 978 1034 1035
f 978 1035 979
f 979 1035 1036
f 979 1036 980
f 980 1036 1037
f 980 1037 981
f 981 1037 1038
f 981 1038 982
f 982 1038 1039
f 982 1039 983
f 983 1039 1040
f 983 1040 984
f 984 1040 1041
f 984 1041 985
f 985 1041 1042
f 985 1042 986
f 986 1042 1043
f 986 1043 987
f 987 1043 1044
f 987 1044 988
f 988 1044 1045
f 988 1045 989
f 989 1045 1046
f 989 1046 990
f 990 1046 1047
f 990 1047 991
f 991 1047 1048
f 991 1048 992
f 992 1048 1049
f 992 1049 993
f 993 1049 1050
f 993 1050 994
f 994 1050 1051
f 994 1051 995
f 995 1051 1052
f 995 1052 996
f 996 1052 1053
f 996 1053 997
f 997 1053 1054
f 997 1054 998
f 998 1054 1055
f 998 1055 999
f 999 1055 1056
f 999 1056 1000
f 1000 1056 1057
f 1000 1057 1001
f 1001 1057 1058
f 1001 1058 1002
f 1002 1058 1059
f 1002 1059 1003
f 1003 1059 1060
f 1003 1060 1004
f 1004 1060 1061
f 1004 1061 1005
f 1005 1061 1062
f 1005 1062 1006
f 1006 1062 1063
f 1006 1063 1007
f 1007 1063 1064
f 1007 1064 1008
f 1008 1064 1065
f 1008 1065 1009
f 1009 1065 1066
f 1009 1066 1010
f 1010 1066 1067
f 1010 1067 1011
f 1011 1067 1068
f 1011 1068 1012
f 1012 1068 1069
f 1012 1069 1013
f 1013 1069 1070
f 1013 1070 1014
f 1014 1070 1071
f 1014 1071 1015
f 1015 1071 1072
f 1015 1072 1016
f 1016 1072 1073
f 1016 1073 1017
f 1017 1073 1074
f 1017 1074 1018
f 1018 1074 1075
f 1018 1075 1019
f 1019 1075 1076
f 1019 1076 1020
f 1020 1076 1077
f 1020 1077 1021
f 1021 1077 1078
f 1021 1078 1022
f 1022 1078 1079
f 1022 1079 1023
f 1023 1079 1080
f 1023 1080 1024
f 1024 1080 1081
f 1024 1081 1025
f 1025 1081 1082
f 1025 1082 1026
f 1026 1082 1083
f 1027 1084 1028
f 1028 1084 1085
f 1028 1085 1029
f 1029 1085 1086
f 1029 1086 1030
f 1030 1086 1087
f 1030 1087 1031
f 1031 1087 1088
f 1031 1088 1032
f 1032 1088 1089
f 1032 1089 1033
f 1033 1089 1090
f 1033 1090 1034
f 1034 1090 1091
f 1034 1091 1035
f 1035 1091 1092
f 1035 1092 1036
f 1036 1092 1093
f 1036 1093 1037
f 1037 1093 1094
f 1037 1094 1038
f 1038 1094 1095
f 1038 1095 1039
f 1039 1095 1096
f 1039 1096 1040
f 1040 1096 1097
f 1040 1097 1041
f 1041 1097 1098
f 1041 1098 1042
f 1042 1098 1099
f 1042 1099 1043
f 1043 1099 1100
f 1043 1100 1044
f 1044 1100 1101
f 1044 1101 1045
f 1045 1101 1102
f 1045 1102 1046
f 1046 1102 1103
f 1046 1103 1047
f 1047 1103 1104
f 1047 1104 1048
f 1048 1104 1105
f 1048 1105 1049
f 1049 1105 1106
f 1049 1106 1050
f 1050 1106 1107
f 1050 1107 1051
f 1051 1107 1108
f 1051 1108 1052
f 1052 1108 1109
f 1052 1109 1053
f 1053 1109 1110
f 1053 1110 1054
f 1054 1110 1111
f 1054 1111 1055
f 1055 1111 1112
f 1055 1112 1056
f 1056 1112 1113
f 1056 1113 1057
f 1057 1113 1114
f 1057 1114 1058
f 1058 1114 1115
f 1058 1115 1059
f 1059 1115 1116
f 1059 1116 1060
f 1060 1116 1117
f 1060 1117 1061
f 1061 1117 1118
f 1061 1118 1062
f 1062 1118 1119
f 1062 1119 1063
f 1063 1119 1120
f 1063 1120 1064
f 1064 1120 1121
f 1064 1121 1065
f 1065 1121 1122
f 1065 1122 1066
f 1066 1122 1123
f 1066 1123 1067
f 1067 1123 1124
f 1067 1124 1068
f 1068 1124 1125
f 1068 1125 1069
f 1069 1125 1126
f 1069 1126 1070
f 1070 1126 1127
f 1070 1127 1071
f 1071 1127 1128
f 1071 1128 1072
f 1072 1128 1129
f 1072 1129 1073
f 1073 1129 1130
f 1073 1130 1074
f 1074 1130 1131
f 1074 1131 1075
f 1075 1131 1132
f 1075 1132 1076
f 1076 1132 1133
f 1076 1133 1077
f 1077 1133 1134
f 1077 1134 1078
f 1078 1134 1135
f 1078 1135 1079
f 1079 1135 1136
f 1079 1136 1080
f 1080 1136 1137
f 1080 1137 1081
f 1081 1137 1138
f 1081 1138 1082
f 1082 1138 1139
f 1082 1139 1083
f 1083 1139 1140
f 1084 1141 1085
f 1085 1141 1142
f 1085 1142 1086
f 1086 1142 1143
f 1086 1143 1087
f 1087 1143 1144
f 1087 1144 1088
f 1088 1144 1145
f 1088 1145 1089
f 1089 1145 1146
f 1089 1146 1090
f 1090 1146 1147
f 1090 1147 1091
f 1091 1147 1148
f 1091 1148 1092
f 1092 1148 1149
f 1092 1149 1093
f 1093 1149 1150
f 1093 1150 1094
f 1094 1150 1151
f 1094 1151 1095
f 1095 1151 1152
f 1095 1152 1096
f 1096 1152 1153
f 1096 1153 1097
f 1097 1153 1154
f 1097 1154 1098
f 1098 1154 1155
f 1098 1155 1099
f 1099 1155 1156
f 1099 1156 1100
f 1100 1156 1157
f 1100 1157 1101
f 1101 1157 1158
f 1101 1158 1102
f 1102 1158 1159
f 1102 1159 1103
f 1103 1159 1160
f 1103 1160 1104
f 1104 1160 1161
f 1104 1161 1105
f 1105 1161 1162
f 1105 1162 1106
f 1106 1162 1163
f 1106 1163 1107
f 1107 1163 1164
f 1107 1164 1108
f 1108 1164 1165
f 1108 1165 1109
f 1109 1165 1166
f 1109 1166 1110
f 1110 1166 1167
f 1110 1167 1111
f 1111 1167 1168
f 1111 1168 1112
f 1112 1168 1169
f 1112 1169 1113
f 1113 1169 1170
f 1113 1170 1114
f 1114 1170 1171
f 1114 1171 1115
f 1115 1171 1172
f 1115 1172 1116
f 1116 1172 1173
f 1116 1173 1117
f 1117 1173 1174
f 1117 1174 1118
f 1118 1174 1175
f 1118 1175 1119
f 1119 1175 1176
f 1119 1176 1120
f 1120 1176 1177
f 1120 1177 1121
f 1121 1177 1178
f 1121 1178 1122
f 1122 1178 1179
f 1122 1179 1123
f 1123 1179 1180
f 1123 1180 1124
f 1124 1180 1181
f 1124 1181 1125
f 1125 1181 1182
f 1125 1182 1126
f 1126 1182 1183
f 1126 1183 1127
f 1127 1183 1184
f 1127 1184 1128
f 1128 1184 1185
f 1128 1185 1129
f 1129 1185 1186
f 1129 1186 1130
f 1130 1186 1187
f 1130 1187 1131
f 1131 1187 1188
f 1131 1188 1132
f 1132 1188 1189
f 1132 1189 1133
f 1133 1189 1190
f 1133 1190 1134
f 1134 1190 1191
f 1134 1191 1135
f 1135 1191 1192
f 1135 1192 1136
f 1136 1192 1193
f 1136 1193 1137
f 1137 1193 1194
f 1137 1194 1138
f 1138 1194 1195
f 1138 1195 1139
f 1139 1195 1196
f 1139 1196 1140
f 1140 1196 1197
f 1141 1198 1142
f 1142 1198 1199
f 1142 1199 1143
f 1143 1199 1200
f 1143 1200 1144
f 1144 1200 1201
f 1144 1201 1145
f 1145 1201 1202
f 1145 1202 1146
f 1146 1202 1203
f 1146 1203 1147
f 1147 1203 1204
f 1147 1204 1148
f 1148 1204 1205
f 1148 1205 1149
f 1149 1205 1206
f 1149 1206 1150
f 1150 1206 1207
f 1150 1207 1151
f 1151 1207 1208
f 1151 1208 1152
f 1152 1208 1209
f 1152 1209 1153
f 1153 1209 1210
f 1153 1210 1154
f 1154 1210 1211
f 1154 1211 1155
f 1155 1211 1212
f 1155 1212 1156
f 1156 1212 1213
f 1156 1213 1157
f 1157 1213 1214
f 1157 1214 1158
f 1158 1214 1215
f 1158 1215 1159
f 1159 1215 1216
f 1159 1216 1160
f 1160 1216 1217
f 1160 1217 1161
f 1161 1217 1218
f 1161 1218 1162
f 1162 1218 1219
f 1162 1219 1163
f 1163 1219 1220
f 1163 1220 1164
f 1164 1220 1221
f 1164 1221 1165
f 1165 1221 1222
f 1165 1222 1166
f 1166 1222 1223
f 1166 1223 1167
f 1167 1223 1224
f 1167 1224 1168
f 1168 1224 1225
f 1168 1225 1169
f 1169 1225 1226
f 1169 1226 1170
f 1170 1226 1227
f 1170 1227 1171
f 1171 1227 1228
f 1171 1228 1172
f 1172 1228 1229
f 1172 1229 1173
f 1173 1229 1230
f 1173 1230 1174
f 1174 1230 1231
f 1174 1231 1175
f 1175 1231 1232
f 1175 1232 1176
f 1176 1232 1233
f 1176 1233 1177
f 1177 1233 1234
f 1177 1234 1178
f 1178 1234 1235
f 1178 1235 1179
f 1179 1235 1236
f 1179 1236 1180
f 1180 1236 1237
f 1180 1237 1181
f 1181 1237 1238
f 1181 1238 1182
f 1182 1238 1239
f 1182 1239 1183
f 1183 1239 1240
f 1183 1240 1184
f 1184 1240 1241
f 1184 1241 1185
f 1185 1241 1242
f 1185 1242 1186
f 1186 1242 1243
f 1186 1243 1187
f 1187 1243 1244
f 1187 1244 1188
f 1188 1244 1245
f 1188 1245 1189
f 1189 1245 1246
f 1189 1246 1190
f 1190 1246 1247
f 1190 1247 1191
f 1191 1247 1248
f 1191 1248 1192
f 1192 1248 1249
f 1192 1249 1193
f 1193 1249 1250
f 1193 1250 1194
f 1194 1250 1251
f 1194 1251 1195
f 1195 1251 1252
f 1195 1252 1196
f 1196 1252 1253
f 1196 1253 1197
f 1197 1253 1254
f 1198 1255 1199
f 1199 1255 1256
f 1199 1256 1200
f 1200 1256 1257
f 1200 1257 1201
f 1201 1257 1258
f 1201 1258 1202
f 1202 1258 1259
f 1202 1259 1203
f 1203 1259 1260
f 1203 1260 1204
f 1204 1260 1261
f 1204 1261 1205
f 1205 1261 1262
f 1205 1262 1206
f 1206 1262 1263
f 1206 1263 1207
f 1207 1263 1264
f 1207 1264 1208
f 1208 1264 1265
f 1208 1265 1209
f 1209 1265 1266
f 1209 1266 1210
f 1210 1266 1267
f 1210 1267 1211
f 1211 1267 1268
f 1211 1268 1212
f 1212 1268 1269
f 1212 1269 1213
f 1213 1269 1270
f 1213 1270 1214
f 1214 1270 1271
f 1214 1271 1215
f 1215 1271 1272
f 1215 1272 1216
f 1216 1272 1273
f 1216 1273 1217
f 1217 1273 1274
f 1217 1274 1218
f 1218 1274 1275
f 1218 1275 1219
f 1219 1275 1276
f 1219 1276 1220
f 1220 1276 1277
f 1220 1277 1221
f 1221 1277 1278
f 1221 1278 1222
f 1222 1278 1279
f 1222 1279 1223
f 1223 1279 1280
f 1223 1280 1224
f 1224 1280 1281
f 1224 1281 1225
f 1225 1281 1282
f 1225 1282 1226
f 1226 1282 1283
f 1226 1283 1227
f 1227 1283 1284
f 1227 1284 1228
f 1228 1284 1285
f 1228 1285 1229
f 1229 1285 1286
f 1229 1286 1230
f 1230 1286 1287
f 1230 1287 1231
f 1231 1287 1288
f 1231 1288 1232
f 1232 1288 1289
f 1232 1289 1233
f 1233 1289 1290
f 1233 1290 1234
f 1234 1290 1291
f 1234 1291 1235
f 1235 1291 1292
f 1235 1292 1236
f 1236 1292 1293
f 1236 1293 1237
f 1237 1293 1294
f 1237 1294 1238
f 1238 1294 1295
f 1238 1295 1239
f 1239 1295 1296
f 1239 1296 1240
f 1240 1296 1297
f 1240 1297 1241
f 1241 1297 1298
f 1241 1298 1242
f 1242 1298 1299
f 1242 1299 1243
f 1243 1299 1300
f 1243 1300 1244
f 1244 1300 1301
f 1244 1301 1245
f 1245 1301 1302
f 1245 1302 1246
f 1246 1302 1303
f 1246 1303 1247
f 1247 1303 1304
f 1247 1304 1248
f 1248 1304 1305
f 1248 1305 1249
f 1249 1305 1306
f 1249 1306 1250
f 1250 1306 1307
f 1250 1307 1251
f 1251 1307 1308
f 1251 1308 1252
f 1252 1308 1309
f 1252 1309 1253
f 1253 1309 1310
f 1253 1310 1254
f 1254 1310 1311
f 1255 1312 1256
f 1256 1312 1313
f 1256 1313 1257
f 1257 1313 1314
f 1257 1314 1258
f 1258 1314 1315
f 1258 1315 1259
f 1259 1315 1316
f 1259 1316 1260
f 1260 1316 1317
f 1260 1317 1261
f 1261 1317 1318
f 1261 1318 1262
f 1262 1318 1319
f 1262 1319 1263
f 1263 1319 1320
f 1263 1320 1264
f 1264 1320 1321
f 1264 1321 1265
f 1265 1321 1322
f 1265 1322 1266
f 1266 1322 1323
f 1266 1323 1267
f 1267 1323 1324
f 1267 1324 1268
f 1268 1324 1325
f 1268 1325 1269
f 1269 1325 1326
f 1269 1326 1270
f 1270 1326 1327
f 1270 1327 1271
f 1271 1327 1328
f 1271 1328 1272
f 1272 1328 1329
f 1272 1329 1273
f 1273 1329 1330
f 1273 1330 1274
f 1274 1330 1331
f 1274 1331 1275
f 1275 1331 1332
f 1275 1332 1276
f 1276 1332 1333
f 1276 1333 1277
f 1277 1333 1334
f 1277 1334 1278
f 1278 1334 1335
f 1278 1335 1279
f 1279 1335 1336
f 1279 1336 1280
f 1280 1336 1337
f 1280 1337 1281
f 1281 1337 1338
f 1281 1338 1282
f 1282 1338 1339
f 1282 1339 1283
f 1283 1339 1340
f 1283 1340 1284
f 1284 1340 1341
f 1284 1341 1285
f 1285 1341 1342
f 1285 1342 1286
f 1286 1342 1343
f 1286 1343 1287
f 1287 1343 1344
f 1287 1344 1288
f 1288 1344 1345
f 1288 1345 1289
f 1289 1345 1346
f 1289 1346 1290
f 1290 1346 1347
f 1290 1347 1291
f 1291 1347 1348
f 1291 1348 1292
f 1292 1348 1349
f 1292 1349 1293
f 1293 1349 1350
f 1293 1350 1294
f 1294 1350 1351
f 1294 1351 1295
f 1295 1351 1352
f 1295 1352 1296
f 1296 1352 1353
f 1296 1353 1297
f 1297 1353 1354
f 1297 1354 1298
f 1298 1354 1355
f 1298 1355 1299
f 1299 1355 1356
f 1299 1356 1300
f 1300 1356 1357
f 1300 1357 1301
f 1301 1357 1358
f 1301 1358 1302
f 1302 1358 1359
f 1302 1359 1303
f 1303 1359 1360
f 1303 1360 1304
f 1304 1360 1361
f 1304 1361 1305
f 1305 1361 1362
f 1305 1362 1306
f 1306 1362 1363
f 1306 1363 1307
f 1307 1363 1364
f 1307 1364 1308
f 1308 1364 1365
f 1308 1365 1309
f 1309 1365 1366
f 1309 1366 1310
f 1310 1366 1367
f 1310 1367 1311
f 1311 1367 1368
f 1312 1369 1313
f 1313 1369 1370
f 1313 1370 1314
f 1314 1370 1371
f 1314 1371 1315
f 1315 1371 1372
f 1315 1372 1316
f 1316 1372 1373
f 1316 1373 1317
f 1317 1373 1374
f 1317 1374 1318
f 1318 1374 1375
f 1318 1375 1319
f 1319 1375 1376
f 1319 1376 1320
f 1320 1376 1377
f 1320 1377 1321
f 1321 1377 1378
f 1321 1378 1322
f 1322 1378 1379
f 1322 1379 1323
f 1323 1379 1380
f 1323 1380 1324
f 1324 1380 1381
f 1324 1381 1325
f 1325 1381 1382
f 1325 1382 1326
f 1326 1382 1383
f 1326 1383 1327
f 1327 1383 1384
f 1327 1384 1328
f 1328 1384 1385
f 1328 1385 1329
f 1329 1385 1386
f 1329 1386 1330
f 1330 1386 1387
f 1330 1387 1331
f 1331 1387 1388
f 1331 1388 1332
f 1332 1388 1389
f 1332 1389 1333
f 1333 1389 1390
f 1333 1390 1334
f 1334 1390 1391
f 1334 1391 1335
f 1335 1391 1392
f 1335 1392 1336
f 1336 1392 1393
f 1336 1393 1337
f 1337 1393 1394
f 1337 1394 1338
f 1338 1394 1395
f 1338 1395 1339
f 1339 1395 1396
f 1339 1396 1340
f 1340 1396 1397
f 1340 1397 1341
f 1341 1397 1398
f 1341 1398 1342
f 1342 1398 1399
f 1342 1399 1343
f 1343 1399 1400
f 1343 1400 1344
f 1344 1400 1401
f 1344 1401 1345
f 1345 1401 1402
f 1345 1402 1346
f 1346 1402 1403
f 1346 1403 1347
f 1347 1403 1404
f 1347 1404 1348
f 1348 1404 1405
f 1348 1405 1349
f 1349 1405 1406
f 1349 1406 1350
f 1350 1406 1407
f 1350 1407 1351
f 1351 1407 1408
f 1351 1408 1352
f 1352 1408 1409
f 1352 1409 1353
f 1353 1409 1410
f 1353 1410 1354
f 1354 1410 1411
f 1354 1411 1355
f 1355 1411 1412
f 1355 1412 1356
f 1356 1412 1413
f 1356 1413 1357
f 1357 1413 1414
f 1357 1414 1358
f 1358 1414 1415
f 1358 1415 1359
f 1359 1415 1416
f 1359 1416 1360
f 1360 1416 1417
f 1360 1417 1361
f 1361 1417 1418
f 1361 1418 1362
f 1362 1418 1419
f 1362 1419 1363
f 1363 1419 1420
f 1363 1420 1364
f 1364 1420 1421
f 1364 1421 1365
f 1365 1421 1422
f 1365 1422 1366
f 1366 1422 1423
f 1366 1423 1367
f 1367 1423 1424
f 1367 1424 1368
f 1368 1424 1425
f 1369 1426 1370
f 1370 1426 1427
f 1370 1427 1371
f 1371 1427 1428
f 1371 1428 1372
f 1372 1428 1429
f 1372 1429 1373
f 1373 1429 1430
f 1373 1430 1374
f 1374 1430 1431
f 1374 1431 1375
f 1375 1431 1432
f 1375 1432 1376
f 1376 1432 1433
f 1376 1433 1377
f 1377 1433 1434
f 1377 1434 1378
f 1378 1434 1435
f 1378 1435 1379
f 1379 1435 1436
f 1379 1436 1380
f 1380 1436 1437
f 1380 1437 1381
f 1381 1437 1438
f 1381 1438 1382
f 1382 1438 1439
f 1382 1439 1383
f 1383 1439 1440
f 1383 1440 1384
f 1384 1440 1441
f 1384 1441 1385
f 1385 1441 1442
f 1385 1442 1386
f 1386 1442 1443
f 1386 1443 1387
f 1387 1443 1444
f 1387 1444 1388
f 1388 1444 1445
f 1388 1445 1389
f 1389 1445 1446
f 1389 1446 1390
f 1390 1446 1447
f 1390 1447 1391
f 1391 1447 1448
f 1391 1448 1392
f 1392 1448 1449
f 1392 1449 1393
f 1393 1449 1450
f 1393 1450 1394
f 1394 1450 1451
f 1394 1451 1395
f 1395 1451 1452
f 1395 1452 1396
f 1396 1452 1453
f 1396 1453 1397
f 1397 1453 1454
f 1397 1454 1398
f 1398 1454 1455
f 1398 1455 1399
f 1399 1455 1456
f 1399 1456 1400
f 1400 1456 1457
f 1400 1457 1401
f 1401 1457 1458
f 1401 1458 1402
f 1402 1458 1459
f 1402 1459 1403
f 1403 1459 1460
f 1403 1460 1404
f 1404 1460 1461
f 1404 1461 1405
f 1405 1461 1462
f 1405 1462 1406
f 1406 1462 1463
f 1406 1463 1407
f 1407 1463 1464
f 1407 1464 1408
f 1408 1464 1465
f 1408 1465 1409
f 1409 1465 1466
f 1409 1466 1410
f 1410 1466 1467
f 1410 1467 1411
f 1411 1467 1468
f 1411 1468 1412
f 1412 1468 1469
f 1412 1469 1413
f 1413 1469 1470
f 1413 1470 1414
f 1414 1470 1471
f 1414 1471 1415
f 1415 1471 1472
f 1415 1472 1416
f 1416 1472 1473
f 1416 1473 1417
f 1417 1473 1474
f 1417 1474 1418
f 1418 1474 1475
f 1418 1475 1419
f 1419 1475 1476
f 1419 1476 1420
f 1420 1476 1477
f 1420 1477 1421
f 1421 1477 1478
f 1421 1478 1422
f 1422 1478 1479
f 1422 1479 1423
f 1423 1479 1480
f 1423 1480 1424
f 1424 1480 1481
f 1424 1481 1425
f 1425 1481 1482
f 1426 1483 1427
f 1427 1483 1484
f 1427 1484 1428
f 1428 1484 1485
f 1428 1485 1429
f 1429 1485 1486
f 1429 1486 1430
f 1430 1486 1487
f 1430 1487 1431
f 1431 1487 1488
f 1431 1488 1432
f 1432 1488 1489
f 1432 1489 1433
f 1433 1489 1490
f 1433 1490 1434
f 1434 1490 1491
f 1434 1491 1435
f 1435 1491 1492
f 1435 1492 1436
f 1436 1492 1493
f 1436 1493 1437
f 1437 1493 1494
f 1437 1494 1438
f 1438 1494 1495
f 1438 1495 1439
f 1439 1495 1496
f 1439 1496 1440
f 1440 1496 1497
f 1440 1497 1441
f 1441 1497 1498
f 1441 1498 1442
f 1442 1498 1499
f 1442 1499 1443
f 1443 1499 1500
f 1443 1500 1444
f 1444 1500 1501
f 1444 1501 1445
f 1445 1501 1502
f 1445 1502 1446
f 1446 1502 1503
f 1446 1503 1447
f 1447 1503 1504
f 1447 1504 1448
f 1448 1504 1505
f 1448 1505 1449
f 1449 1505 1506
f 1449 1506 1450
f 1450 1506 1507
f 1450 1507 1451
f 1451 1507 1508
f 1451 1508 1452
f 1452 1508 1509
f 1452 1509 1453
f 1453 1509 1510
f 1453 1510 1454
f 1454 1510 1511
f 1454 1511 1455
f 1455 1511 1512
f 1455 1512 1456
f 1456 1512 1513
f 1456 1513 1457
f 1457 1513 1514
f 1457 1514 1458
f 1458 1514 1515
f 1458 1515 1459
f 1459 1515 1516
f 1459 1516 1460
f 1460 1516 1517
f 1460 1517 1461
f 1461 1517 1518
f 1461 1518 1462
f 1462 1518 1519
f 1462 1519 1463
f 1463 1519 1520
f 1463 1520 1464
f 1464 1520 1521
f 1464 1521 1465
f 1465 1521 1522
f 1465 1522 1466
f 1466 1522 1523
f 1466 1523 1467
f 1467 1523 1524
f 1467 1524 1468
f 1468 1524 1525
f 1468 1525 1469
f 1469 1525 1526
f 1469 1526 1470
f 1470 1526 1527
f 1470 1527 1471
f 1471 1527 1528
f 1471 1528 1472
f 1472 1528 1529
f 1472 1529 1473
f 1473 1529 1530
f 1473 1530 1474
f 1474 1530 1531
f 1474 1531 1475
f 1475 1531 1532
f 1475 1532 1476
f 1476 1532 1533
f 1476 1533 1477
f 1477 1533 1534
f 1477 1534 1478
f 1478 1534 1535
f 1478 1535 1479
f 1479 1535 1536
f 1479 1536 1480
f 1480 1536 1537
f 1480 1537 1481
f 1481 1537 1538
f 1481 1538 1482
f 1482 1538 1539
f 1483 1540 1484
f 1484 1540 1541
f 1484 1541 1485
f 1485 1541 1542
f 1485 1542 1486
f 1486 1542 1543
f 1486 1543 1487
f 1487 1543 1544
f 1487 1544 1488
f 1488 1544 1545
f 1488 1545 1489
f 1489 1545 1546
f 1489 1546 1490
f 1490 1546 1547
f 1490 1547 1491
f 1491 1547 1548
f 1491 1548 1492
f 1492 1548 1549
f 1492 1549 1493
f 1493 1549 1550
f 1493 1550 1494
f 1494 1550 1551
f 1494 1551 1495
f 1495 1551 1552
f 1495 1552 1496
f 1496 1552 1553
f 1496 1553 1497
f 1497 1553 1554
f 1497 1554 1498
f 1498 1554 1555
f 1498 1555 1499
f 1499 1555 1556
f 1499 1556 1500
f 1500 1556 1557
f 1500 1557 1501
f 1501 1557 1558
f 1501 1558 1502
f 1502 1558 1559
f 1502 1559 1503
f 1503 1559 1560
f 1503 1560 1504
f 1504 1560 1561
f 1504 1561 1505
f 1505 1561 1562
f 1505 1562 1506
f 1506 1562 1563
f 1506 1563 1507
f 1507 1563 1564
f 1507 1564 1508
f 1508 1564 1565
f 1508 1565 1509
f 1509 1565 1566
f 1509 1566 1510
f 1510 1566 1567
f 1510 1567 1511
f 1511 1567 1568
f 1511 1568 1512
f 1512 1568 1569
f 1512 1569 1513
f 1513 1569 1570
f 1513 1570 1514
f 1514 1570 1571
f 1514 1571 1515
f 1515 1571 1572
f 1515 1572 1516
f 1516 1572 1573
f 1516 1573 1517
f 1517 1573 1574
f 1517 1574 1518
f 1518 1574 1575
f 1518 1575 1519
f 1519 1575 1576
f 1519 1576 1520
f 1520 1576 1577
f 1520 1577 1521
f 1521 1577 1578
f 1521 1578 1522
f 1522 1578 1579
f 1522 1579 1523
f 1523 1579 1580
f 1523 1580 1524
f 1524 1580 1581
f 1524 1581 1525
f 1525 1581 1582
f 1525 1582 1526
f 1526 1582 1583
f 1526 1583 1527
f 1527 1583 1584
f 1527 1584 1528
f 1528 1584 1585
f 1528 1585 1529
f 1529 1585 1586
f 1529 1586 1530
f 1530 1586 1587
f 1530 1587 1531
f 1531 1587 1588
f 1531 1588 1532
f 1532 1588 1589
f 1532 1589 1533
f 1533 1589 1590
f 1533 1590 1534
f 1534 1590 1591
f 1534 1591 1535
f 1535 1591 1592
f 1535 1592 1536
f 1536 1592 1593
f 1536 1593 1537
f 1537 1593 1594
f 1537 1594 1538
f 1538 1594 1595
f 1538 1595 1539
f 1539 1595 1596
f 1540 1597 1541
f 1541 1597 1598
f 1541 1598 1542
f 1542 1598 1599
f 1542 1599 1543
f 1543 1599 1600
f 1543 1600 1544
f 1544 1600 1601
f 1544 1601 1545
f 1545 1601 1602
f 1545 1602 1546
f 1546 1602 1603
f 1546 1603 1547
f 1547 1603 1604
f 1547 1604 1548
f 1548 1604 1605
f 1548 1605 1549
f 1549 1605 1606
f 1549 1606 1550
f 1550 1606 1607
f 1550 1607 1551
f 1551 1607 1608
f 1551 1608 1552
f 1552 1608 1609
f 1552 1609 1553
f 1553 1609 1610
f 1553 1610 1554
f 1554 1610 1611
f 1554 1611 1555
f 1555 1611 1612
f 1555 1612 1556
f 1556 1612 1613
f 1556 1613 1557
f 1557 1613 1614
f 1557 1614 1558
f 1558 1614 1615
f 1558 1615 1559
f 1559 1615 1616
f 1559 1616 1560
f 1560 1616 1617
f 1560 1617 1561
f 1561 1617 1618
f 1561 1618 1562
f 1562 1618 1619
f 1562 1619 1563
f 1563 1619 1620
f 1563 1620 1564
f 1564 1620 1621
f 1564 1621 1565
f 1565 1621 1622
f 1565 1622 1566
f 1566 1622 1623
f 1566 1623 1567
f 1567 1623 1624
f 1567 1624 1568
f 1568 1624 1625
f 1568 1625 1569
f 1569 1625 1626
f 1569 1626 1570
f 1570 1626 1627
f 1570 1627 1571
f 1571 1627 1628
f 1571 1628 1572
f 1572 1628 1629
f 1572 1629 1573
f 1573 1629 1630
f 1573 1630 1574
f 1574 1630 1631
f 1574 1631 1575
f 1575 1631 1632
f 1575 1632 1576
f 1576 1632 1633
f 1576 1633 1577
f 1577 1633 1634
f 1577 1634 1578
f 1578 1634 1635
f 1578 1635 1579
f 1579 1635 1636
f 1579 1636 1580
f 1580 1636 1637
f 1580 1637 1581
f 1581 1637 1638
f 1581 1638 1582
f 1582 1638 1639
f 1582 1639 1583
f 1583 1639 1640
f 1583 1640 1584
f 1584 1640 1641
f 1584 1641 1585
f 1585 1641 1642
f 1585 1642 1586
f 1586 1642 1643
f 1586 1643 1587
f 1587 1643 1644
f 1587 1644 1588
f 1588 1644 1645
f 1588 1645 1589
f 1589 1645 1646
f 1589 1646 1590
f 1590 1646 1647
f 1590 1647 1591
f 1591 1647 1648
f 1591 1648 1592
f 1592 1648 1649
f 1592 1649 1593
f 1593 1649 1650
f 1593 1650 1594
f 1594 1650 1651
f 1594 1651 1595
f 1595 1651 1652
f 1595 1652 1596
f 1596 1652 1653
f 1597 1654 1598
f 1598 1654 1655
f 1598 1655 1599
f 1599 1655 1656
f 1599 1656 1600
f 1600 1656 1657
f 1600 1657 1601
f 1601 1657 1658
f 1601 1658 1602
f 1602 1658 1659
f 1602 1659 1603
f 1603 1659 1660
f 1603 1660 1604
f 1604 1660 1661
f 1604 1661 1605
f 1605 1661 1662
f 1605 1662 1606
f 1606 1662 1663
f 1606 1663 1607
f 1607 1663 1664
f 1607 1664 1608
f 1608 1664 1665
f 1608 1665 1609
f 1609 1665 1666
f 1609 1666 1610
f 1610 1666 1667
f 1610 1667 1611
f 1611 1667 1668
f 1611 1668 1612
f 1612 1668 1669
f 1612 1669 1613
f 1613 1669 1670
f 1613 1670 1614
f 1614 1670 1671
f 1614 1671 1615
f 1615 1671 1672
f 1615 1672 1616
f 1616 1672 1673
f 1616 1673 1617
f 1617 1673 1674
f 1617 1674 1618
f 1618 1674 1675
f 1618 1675 1619
f 1619 1675 1676
f 1619 1676 1620
f 1620 1676 1677
f 1620 1677 1621
f 1621 1677 1678
f 1621 1678 1622
f 1622 1678 1679
f 1622 1679 1623
f 1623 1679 1680
f 1623 1680 1624
f 1624 1680 1681
f 1624 1681 1625
f 1625 1681 1682
f 1625 1682 1626
f 1626 1682 1683
f 1626 1683 1627
f 1627 1683 1684
f 1627 1684 1628
f 1628 1684 1685
f 1628 1685 1629
f 1629 1685 1686
f 1629 1686 1630
f 1630 1686 1687
f 1630 1687 1631
f 1631 1687 1688
f 1631 1688 1632
f 1632 1688 1689
f 1632 1689 1633
f 1633 1689 1690
f 1633 1690 1634
f 1634 1690 1691
f 1634 1691 1635
f 1635 1691 1692
f 1635 1692 1636
f 1636 1692 1693
f 1636 1693 1637
f 1637 1693 1694
f 1637 1694 1638
f 1638 1694 1695
f 1638 1695 1639
f 1639 1695 1696
f 1639 1696 1640
f 1640 1696 1697
f 1640 1697 1641
f 1641 1697 1698
f 1641 1698 1642
f 1642 1698 1699
f 1642 1699 1643
f 1643 1699 1700
f 1643 1700 1644
f 1644 1700 1701
f 1644 1701 1645
f 1645 1701 1702
f 1645 1702 1646
f 1646 1702 1703
f 1646 1703 1647
f 1647 1703 1704
f 1647 1704 1648
f 1648 1704 1705
f 1648 1705 1649
f 1649 1705 1706
f 1649 1706 1650
f 1650 1706 1707
f 1650 1707 1651
f 1651 1707 1708
f 1651 1708 1652
f 1652 1708 1709
f 1652 1709 1653
f 1653 1709 1710
f 1654 1711 1655
f 1655 1711 1712
f 1655 1712 1656
f 1656 1712 1713
f 1656 1713 1657
f 1657 1713 1714
f 1657 1714 1658
f 1658 1714 1715
f 1658 1715 1659
f 1659 1715 1716
f 1659 1716 1660
f 1660 1716 1717
f 1660 1717 1661
f 1661 1717 1718
f 1661 1718 1662
f 1662 1718 1719
f 1662 1719 1663
f 1663 1719 1720
f 1663 1720 1664
f 1664 1720 1721
f 1664 1721 1665
f 1665 1721 1722
f 1665 1722 1666
f 1666 1722 1723
f 1666 1723 1667
f 1667 1723 1724
f 1667 1724 1668
f 1668 1724 1725
f 1668 1725 1669
f 1669 1725 1726
f 1669 1726 1670
f 1670 1726 1727
f 1670 1727 1671
f 1671 1727 1728
f 1671 1728 1672
f 1672 1728 1729
f 1672 1729 1673
f 1673 1729 1730
f 1673 1730 1674
f 1674 1730 1731
f 1674 1731 1675
f 1675 1731 1732
f 1675 1732 1676
f 1676 1732 1733
f 1676 1733 1677
f 1677 1733 1734
f 1677 1734 1678
f 1678 1734 1735
f 1678 1735 1679
f 1679 1735 1736
f 1679 1736 1680
f 1680 1736 1737
f 1680 1737 1681
f 1681 1737 1738
f 1681 1738 1682
f 1682 1738 1739
f 1682 1739 1683
f 1683 1739 1740
f 1683 1740 1684
f 1684 1740 1741
f 1684 1741 1685
f 1685 1741 1742
f 1685 1742 1686
f 1686 1742 1743
f 1686 1743 1687
f 1687 1743 1744
f 1687 1744 1688
f 1688 1744 1745
f 1688 1745 1689
f 1689 1745 1746
f 1689 1746 1690
f 1690 1746 1747
f 1690 1747 1691
f 1691 1747 1748
f 1691 1748 1692
f 1692 1748 1749
f 1692 1749 1693
f 1693 1749 1750
f 1693 1750 1694
f 1694 1750 1751
f 1694 1751 1695
f 1695 1751 1752
f 1695 1752 1696
f 1696 1752 1753
f 1696 1753 1697
f 1697 1753 1754
f 1697 1754 1698
f 1698 1754 1755
f 1698 1755 1699
f 1699 1755 1756
f 1699 1756 1700
f 1700 1756 1757
f 1700 1757 1701
f 1701 1757 1758
f 1701 1758 1702
f 1702 1758 1759
f 1702 1759 1703
f 1703 1759 1760
f 1703 1760 1704
f 1704 1760 1761
f 1704 1761 1705
f 1705 1761 1762
f 1705 1762 1706
f 1706 1762 1763
f 1706 1763 1707
f 1707 1763 1764
f 1707 1764 1708
f 1708 1764 1765
f 1708 1765 1709
f 1709 1765 1766
f 1709 1766 1710
f 1710 1766 1767
f 1711 1768 1712
f 1712 1768 1769
f 1712 1769 1713
f 1713 1769 1770
f 1713 1770 1714
f 1714 1770 1771
f 1714 1771 1715
f 1715 1771 1772
f 1715 1772 1716
f 1716 1772 1773
f 1716 1773 1717
f 1717 1773 1774
f 1717 1774 1718
f 1718 1774 1775
f 1718 1775 1719
f 1719 1775 1776
f 1719 1776 1720
f 1720 1776 1777
f 1720 1777 1721
f 1721 1777 1778
f 1721 1778 1722
f 1722 1778 1779
f 1722 1779 1723
f 1723 1779 1780
f 1723 1780 1724
f 1724 1780 1781
f 1724 1781 1725
f 1725 1781 1782
f 1725 1782 1726
f 1726 1782 1783
f 1726 1783 1727
f 1727 1783 1784
f 1727 1784 1728
f 1728 1784 1785
f 1728 1785 1729
f 1729 1785 1786
f 1729 1786 1730
f 1730 1786 1787
f 1730 1787 1731
f 1731 1787 1788
f 1731 1788 1732
f 1732 1788 1789
f 1732 1789 1733
f 1733 1789 1790
f 1733 1790 1734
f 1734 1790 1791
f 1734 1791 1735
f 1735 1791 1792
f 1735 1792 1736
f 1736 1792 1793
f 1736 1793 1737
f 1737 1793 1794
f 1737 1794 1738
f 1738 1794 1795
f 1738 1795 1739
f 1739 1795 1796
f 1739 1796 1740
f 1740 1796 1797
f 1740 1797 1741
f 1741 1797 1798
f 1741 1798 1742
f 1742 1798 1799
f 1742 1799 1743
f 1743 1799 1800
f 1743 1800 1744
f 1744 1800 1801
f 1744 1801 1745
f 1745 1801 1802
f 1745 1802 1746
f 1746 1802 1803
f 1746 1803 1747
f 1747 1803 1804
f 1747 1804 1748
f 1748 1804 1805
f 1748 1805 1749
f 1749 1805 1806
f 1749 1806 1750
f 1750 1806 1807
f 1750 1807 1751
f 1751 1807 1808
f 1751 1808 1752
f 1752 1808 1809
f 1752 1809 1753
f 1753 1809 1810
f 1753 1810 1754
f 1754 1810 1811
f 1754 1811 1755
f 1755 1811 1812
f 1755 1812 1756
f 1756 1812 1813
f 1756 1813 1757
f 1757 1813 1814
f 1757 1814 1758
f 1758 1814 1815
f 1758 1815 1759
f 1759 1815 1816
f 1759 1816 1760
f 1760 1816 1817
f 1760 1817 1761
f 1761 1817 1818
f 1761 1818 1762
f 1762 1818 1819
f 1762 1819 1763
f 1763 1819 1820
f 1763 1820 1764
f 1764 1820 1821
f 1764 1821 1765
f 1765 1821 1822
f 1765 1822 1766
f 1766 1822 1823
f 1766 1823 1767
f 1767 1823 1824
f 1768 1825 1769
f 1769 1825 1826
f 1769 1826 1770
f 1770 1826 1827
f 1770 1827 1771
f 1771 1827 1828
f 1771 1828 1772
f 1772 1828 1829
f 1772 1829 1773
f 1773 1829 1830
f 1773 1830 1774
f 1774 1830 1831
f 1774 1831 1775
f 1775 1831 1832
f 1775 1832 1776
f 1776 1832 1833
f 1776 1833 1777
f 1777 1833 1834
f 1777 1834 1778
f 1778 1834 1835
f 1778 1835 1779
f 1779 1835 1836
f 1779 1836 1780
f 1780 1836 1837
f 1780 1837 1781
f 1781 1837 1838
f 1781 1838 1782
f 1782 1838 1839
f 1782 1839 1783
f 1783 1839 1840
f 1783 1840 1784
f 1784 1840 1841
f 1784 1841 1785
f 1785 1841 1842
f 1785 1842 1786
f 1786 1842 1843
f 1786 1843 1787
f 1787 1843 1844
f 1787 1844 1788
f 1788 1844 1845
f 1788 1845 1789
f 1789 1845 1846
f 1789 1846 1790
f 1790 1846 1847
f 1790 1847 1791
f 1791 1847 1848
f 1791 1848 1792
f 1792 1848 1849
f 1792 1849 1793
f 1793 1849 1850
f 1793 1850 1794
f 1794 1850 1851
f 1794 1851 1795
f 1795 1851 1852
f 1795 1852 1796
f 1796 1852 1853
f 1796 1853 1797
f 1797 1853 1854
f 1797 1854 1798
f 1798 1854 1855
f 1798 1855 1799
f 1799 1855 1856
f 1799 1856 1800
f 1800 1856 1857
f 1800 1857 1801
f 1801 1857 1858
f 1801 1858 1802
f 1802 1858 1859
f 1802 1859 1803
f 1803 1859 1860
f 1803 1860 1804
f 1804 1860 1861
f 1804 1861 1805
f 1805 1861 1862
f 1805 1862 1806
f 1806 1862 1863
f 1806 1863 1807
f 1807 1863 1864
f 1807 1864 1808
f 1808 1864 1865
f 1808 1865 1809
f 1809 1865 1866
f 1809 1866 1810
f 1810 1866 1867
f 1810 1867 1811
f 1811 1867 1868
f 1811 1868 1812
f 1812 1868 1869
f 1812 1869 1813
f 1813 1869 1870
f 1813 1870 1814
f 1814 1870 1871
f 1814 1871 1815
f 1815 1871 1872
f 1815 1872 1816
f 1816 1872 1873
f 1816 1873 1817
f 1817 1873 1874
f 1817 1874 1818
f 1818 1874 1875
f 1818 1875 1819
f 1819 1875 1876
f 1819 1876 1820
f 1820 1876 1877
f 1820 1877 1821
f 1821 1877 1878
f 1821 1878 1822
f 1822 1878 1879
f 1822 1879 1823
f 1823 1879 1880
f 1823 1880 1824
f 1824 1880 1881
f 1825 1882 1826
f 1826 1882 1883
f 1826 1883 1827
f 1827 1883 1884
f 1827 1884 1828
f 1828 1884 1885
f 1828 1885 1829
f 1829 1885 1886
f 1829 1886 1830
f 1830 1886 1887
f 1830 1887 1831
f 1831 1887 1888
f 1831 1888 1832
f 1832 1888 1889
f 1832 1889 1833
f 1833 1889 1890
f 1833 1890 1834
f 1834 1890 1891
f 1834 1891 1835
f 1835 1891 1892
f 1835 1892 1836
f 1836 1892 1893
f 1836 1893 1837
f 1837 1893 1894
f 1837 1894 1838
f 1838 1894 1895
f 1838 1895 1839
f 1839 1895 1896
f 1839 1896 1840
f 1840 1896 1897
f 1840 1897 1841
f 1841 1897 1898
f 1841 1898 1842
f 1842 1898 1899
f 1842 1899 1843
f 1843 1899 1900
f 1843 1900 1844
f 1844 1900 1901
f 1844 1901 1845
f 1845 1901 1902
f 1845 1902 1846
f 1846 1902 1903
f 1846 1903 1847
f 1847 1903 1904
f 1847 1904 1848
f 1848 1904 1905
f 1848 1905 1849
f 1849 1905 1906
f 1849 1906 1850
f 1850 1906 1907
f 1850 1907 1851
f 1851 1907 1908
f 1851 1908 1852
f 1852 1908 1909
f 1852 1909 1853
f 1853 1909 1910
f 1853 1910 1854
f 1854 1910 1911
f 1854 1911 1855
f 1855 1911 1912
f 1855 1912 1856
f 1856 1912 1913
f 1856 1913 1857
f 1857 1913 1914
f 1857 1914 1858
f 1858 1914 1915
f 1858 1915 1859
f 1859 1915 1916
f 1859 1916 1860
f 1860 1916 1917
f 1860 1917 1861
f 1861 1917 1918
f 1861 1918 1862
f 1862 1918 1919
f 1862 1919 1863
f 1863 1919 1920
f 1863 1920 1864
f 1864 1920 1921
f 1864 1921 1865
f 1865 1921 1922
f 1865 1922 1866
f 1866 1922 1923
f 1866 1923 1867
f 1867 1923 1924
f 1867 1924 1868
f 1868 1924 1925
f 1868 1925 1869
f 1869 1925 1926
f 1869 1926 1870
f 1870 1926 1927
f 1870 1927 1871
f 1871 1927 1928
f 1871 1928 1872
f 1872 1928 1929
f 1872 1929 1873
f 1873 1929 1930
f 1873 1930 1874
f 1874 1930 1931
f 1874 1931 1875
f 1875 1931 1932
f 1875 1932 1876
f 1876 1932 1933
f 1876 1933 1877
f 1877 1933 1934
f 1877 1934 1878
f 1878 1934 1935
f 1878 1935 1879
f 1879 1935 1936
f 1879 1936 1880
f 1880 1936 1937
f 1880 1937 1881
f 1881 1937 1938
f 1882 1939 1883
f 1883 1939 1940
f 1883 1940 1884
f 1884 1940 1941
f 1884 1941 1885
f 1885 1941 1942
f 1885 1942 1886
f 1886 1942 1943
f 1886 1943 1887
f 1887 1943 1944
f 1887 1944 1888
f 1888 1944 1945
f 1888 1945 1889
f 1889 1945 1946
f 1889 1946 1890
f 1890 1946 1947
f 1890 1947 1891
f 1891 1947 1948
f 1891 1948 1892
f 1892 1948 1949
f 1892 1949 1893
f 1893 1949 1950
f 1893 1950 1894
f 1894 1950 1951
f 1894 1951 1895
f 1895 1951 1952
f 1895 1952 1896
f 1896 1952 1953
f 1896 1953 1897
f 1897 1953 1954
f 1897 1954 1898
f 1898 1954 1955
f 1898 1955 1899
f 1899 1955 1956
f 1899 1956 1900
f 1900 1956 1957
f 1900 1957 1901
f 1901 1957 1958
f 1901 1958 1902
f 1902 1958 1959
f 1902 1959 1903
f 1903 1959 1960
f 1903 1960 1904
f 1904 1960 1961
f 1904 1961 1905
f 1905 1961 1962
f 1905 1962 1906
f 1906 1962 1963
f 1906 1963 1907
f 1907 1963 1964
f 1907 1964 1908
f 1908 1964 1965
f 1908 1965 1909
f 1909 1965 1966
f 1909 1966 1910
f 1910 1966 1967
f 1910 1967 1911
f 1911 1967 1968
f 1911 1968 1912
f 1912 1968 1969
f 1912 1969 1913
f 1913 1969 1970
f 1913 1970 1914
f 1914 1970 1971
f 1914 1971 1915
f 1915 1971 1972
f 1915 1972 1916
f 1916 1972 1973
f 1916 1973 1917
f 1917 1973 1974
f 1917 1974 1918
f 1918 1974 1975
f 1918 1975 1919
f 1919 1975 1976
f 1919 1976 1920
f 1920 1976 1977
f 1920 1977 1921
f 1921 1977 1978
f 1921 1978 1922
f 1922 1978 1979
f 1922 1979 1923
f 1923 1979 1980
f 1923 1980 1924
f 1924 1980 1981
f 1924 1981 1925
f 1925 1981 1982
f 1925 1982 1926
f 1926 1982 1983
f 1926 1983 1927
f 1927 1983 1984
f 1927 1984 1928
f 1928 1984 1985
f 1928 1985 1929
f 1929 1985 1986
f 1929 1986 1930
f 1930 1986 1987
f 1930 1987 1931
f 1931 1987 1988
f 1931 1988 1932
f 1932 1988 1989
f 1932 1989 1933
f 1933 1989 1990
f 1933 1990 1934
f 1934 1990 1991
f 1934 1991 1935
f 1935 1991 1992
f 1935 1992 1936
f 1936 1992 1993
f 1936 1993 1937
f 1937 1993 1994
f 1937 1994 1938
f 1938 1994 1995
f 1939 1996 1940
f 1940 1996 1997
f 1940 1997 1941
f 1941 1997 1998
f 1941 1998 1942
f 1942 1998 1999
f 1942 1999 1943
f 1943 1999 2000
f 1943 2000 1944
f 1944 2000 2001
f 1944 2001 1945
f 1945 2001 2002
f 1945 2002 1946
f 1946 2002 2003
f 1946 2003 1947
f 1947 2003 2004
f 1947 2004 1948
f 1948 2004 2005
f 1948 2005 1949
f 1949 2005 2006
f 1949 2006 1950
f 1950 2006 2007
f 1950 2007 1951
f 1951 2007 2008
f 1951 2008 1952
f 1952 2008 2009
f 1952 2009 1953
f 1953 2009 2010
f 1953 2010 1954
f 1954 2010 2011
f 1954 2011 1955
f 1955 2011 2012
f 1955 2012 1956
f 1956 2012 2013
f 1956 2013 1957
f 1957 2013 2014
f 1957 2014 1958
f 1958 2014 2015
f 1958 2015 1959
f 1959 2015 2016
f 1959 2016 1960
f 1960 2016 2017
f 1960 2017 1961
f 1961 2017 2018
f 1961 2018 1962
f 1962 2018 2019
f 1962 2019 1963
f 1963 2019 2020
f 1963 2020 1964
f 1964 2020 2021
f 1964 2021 1965
f 1965 2021 2022
f 1965 2022 1966
f 1966 2022 2023
f 1966 2023 1967
f 1967 2023 2024
f 1967 2024 1968
f 1968 2024 2025
f 1968 2025 1969
f 1969 2025 2026
f 1969 2026 1970
f 1970 2026 2027
f 1970 2027 1971
f 1971 2027 2028
f 1971 2028 1972
f 1972 2028 2029
f 1972 2029 1973
f 1973 2029 2030
f 1973 2030 1974
f 1974 2030 2031
f 1974 2031 1975
f 1975 2031 2032
f 1975 2032 1976
f 1976 2032 2033
f 1976 2033 1977
f 1977 2033 2034
f 1977 2034 1978
f 1978 2034 2035
f 1978 2035 1979
f 1979 2035 2036
f 1979 2036 1980
f 1980 2036 2037
f 1980 2037 1981
f 1981 2037 2038
f 1981 2038 1982
f 1982 2038 2039
f 1982 2039 1983
f 1983 2039 2040
f 1983 2040 1984
f 1984 2040 2041
f 1984 2041 1985
f 1985 2041 2042
f 1985 2042 1986
f 1986 2042 2043
f 1986 2043 1987
f 1987 2043 2044
f 1987 2044 1988
f 1988 2044 2045
f 1988 2045 1989
f 1989 2045 2046
f 1989 2046 1990
f 1990 2046 2047
f 1990 2047 1991
f 1991 2047 2048
f 1991 2048 1992
f 1992 2048 2049
f 1992 2049 1993
f 1993 2049 2050
f 1993 2050 1994
f 1994 2050 2051
f 1994 2051 1995
f 1995 2051 2052
f 1996 2053 1997
f 1997 2053 2054
f 1997 2054 1998
f 1998 2054 2055
f 1998 2055 1999
f 1999 2055 2056
f 1999 2056 2000
f 2000 2056 2057
f 2000 2057 2001
f 2001 2057 2058
f 2001 2058 2002
f 2002 2058 2059
f 2002 2059 2003
f 2003 2059 2060
f 2003 2060 2004
f 2004 2060 2061
f 2004 2061 2005
f 2005 2061 2062
f 2005 2062 2006
f 2006 2062 2063
f 2006 2063 2007
f 2007 2063 2064
f 2007 2064 2008
f 2008 2064 2065
f 2008 2065 2009
f 2009 2065 2066
f 2009 2066 2010
f 2010 2066 2067
f 2010 2067 2011
f 2011 2067 2068
f 2011 2068 2012
f 2012 2068 2069
f 2012 2069 2013
f 2013 2069 2070
f 2013 2070 2014
f 2014 2070 2071
f 2014 2071 2015
f 2015 2071 2072
f 2015 2072 2016
f 2016 2072 2073
f 2016 2073 2017
f 2017 2073 2074
f 2017 2074 2018
f 2018 2074 2075
f 2018 2075 2019
f 2019 2075 2076
f 2019 2076 2020
f 2020 2076 2077
f 2020 2077 2021
f 2021 2077 2078
f 2021 2078 2022
f 2022 2078 2079
f 2022 2079 2023
f 2023 2079 2080
f 2023 2080 2024
f 2024 2080 2081
f 2024 2081 2025
f 2025 2081 2082
f 2025 2082 2026
f 2026 2082 2083
f 2026 2083 2027
f 2027 2083 2084
f 2027 2084 2028
f 2028 2084 2085
f 2028 2085 2029
f 2029 2085 2086
f 2029 2086 2030
f 2030 2086 2087
f 2030 2087 2031
f 2031 2087 2088
f 2031 2088 2032
f 2032 2088 2089
f 2032 2089 2033
f 2033 2089 2090
f 2033 2090 2034
f 2034 2090 2091
f 2034 2091 2035
f 2035 2091 2092
f 2035 2092 2036
f 2036 2092 2093
f 2036 2093 2037
f 2037 2093 2094
f 2037 2094 2038
f 2038 2094 2095
f 2038 2095 2039
f 2039 2095 2096
f 2039 2096 2040
f 2040 2096 2097
f 2040 2097 2041
f 2041 2097 2098
f 2041 2098 2042
f 2042 2098 2099
f 2042 2099 2043
f 2043 2099 2100
f 2043 2100 2044
f 2044 2100 2101
f 2044 2101 2045
f 2045 2101 2102
f 2045 2102 2046
f 2046 2102 2103
f 2046 2103 2047
f 2047 2103 2104
f 2047 2104 2048
f 2048 2104 2105
f 2048 2105 2049
f 2049 2105 2106
f 2049 2106 2050
f 2050 2106 2107
f 2050 2107 2051
f 2051 2107 2108
f 2051 2108 2052
f 2052 2108 2109
f 2053 2110 2054
f 2054 2110 2111
f 2054 2111 2055
f 2055 2111 2112
f 2055 2112 2056
f 2056 2112 2113
f 2056 2113 2057
f 2057 2113 2114
f 2057 2114 2058
f 2058 2114 2115
f 2058 2115 2059
f 2059 2115 2116
f 2059 2116 2060
f 2060 2116 2117
f 2060 2117 2061
f 2061 2117 2118
f 2061 2118 2062
f 2062 2118 2119
f 2062 2119 2063
f 2063 2119 2120
f 2063 2120 2064
f 2064 2120 2121
f 2064 2121 2065
f 2065 2121 2122
f 2065 2122 2066
f 2066 2122 2123
f 2066 2123 2067
f 2067 2123 2124
f 2067 2124 2068
f 2068 2124 2125
f 2068 2125 2069
f 2069 2125 2126
f 2069 2126 2070
f 2070 2126 2127
f 2070 2127 2071
f 2071 2127 2128
f 2071 2128 2072
f 2072 2128 2129
f 2072 2129 2073
f 2073 2129 2130
f 2073 2130 2074
f 2074 2130 2131
f 2074 2131 2075
f 2075 2131 2132
f 2075 2132 2076
f 2076 2132 2133
f 2076 2133 2077
f 2077 2133 2134
f 2077 2134 2078
f 2078 2134 2135
f 2078 2135 2079
f 2079 2135 2136
f 2079 2136 2080
f 2080 2136 2137
f 2080 2137 2081
f 2081 2137 2138
f 2081 2138 2082
f 2082 2138 2139
f 2082 2139 2083
f 2083 2139 2140
f 2083 2140 2084
f 2084 2140 2141
f 2084 2141 2085
f 2085 2141 2142
f 2085 2142 2086
f 2086 2142 2143
f 2086 2143 2087
f 2087 2143 2144
f 2087 2144 2088
f 2088 2144 2145
f 2088 2145 2089
f 2089 2145 2146
f 2089 2146 2090
f 2090 2146 2147
f 2090 2147 2091
f 2091 2147 2148
f 2091 2148 2092
f 2092 2148 2149
f 2092 2149 2093
f 2093 2149 2150
f 2093 2150 2094
f 2094 2150 2151
f 2094 2151 2095
f 2095 2151 2152
f 2095 2152 2096
f 2096 2152 2153
f 2096 2153 2097
f 2097 2153 2154
f 2097 2154 2098
f 2098 2154 2155
f 2098 2155 2099
f 2099 2155 2156
f 2099 2156 2100
f 2100 2156 2157
f 2100 2157 2101
f 2101 2157 2158
f 2101 2158 2102
f 2102 2158 2159
f 2102 2159 2103
f 2103 2159 2160
f 2103 2160 2104
f 2104 2160 2161
f 2104 2161 2105
f 2105 2161 2162
f 2105 2162 2106
f 2106 2162 2163
f 2106 2163 2107
f 2107 2163 2164
f 2107 2164 2108
f 2108 2164 2165
f 2108 2165 2109
f 2109 2165 2166
f 2110 2167 2111
f 2111 2167 2168
f 2111 2168 2112
f 2112 2168 2169
f 2112 2169 2113
f 2113 2169 2170
f 2113 2170 2114
f 2114 2170 2171
f 2114 2171 2115
f 2115 2171 2172
f 2115 2172 2116
f 2116 2172 2173
f 2116 2173 2117
f 2117 2173 2174
f 2117 2174 2118
f 2118 2174 2175
f 2118 2175 2119
f 2119 2175 2176
f 2119 2176 2120
f 2120 2176 2177
f 2120 2177 2121
f 2121 2177 2178
f 2121 2178 2122
f 2122 2178 2179
f 2122 2179 2123
f 2123 2179 2180
f 2123 2180 2124
f 2124 2180 2181
f 2124 2181 2125
f 2125 2181 2182
f 2125 2182 2126
f 2126 2182 2183
f 2126 2183 2127
f 2127 2183 2184
f 2127 2184 2128
f 2128 2184 2185
f 2128 2185 2129
f 2129 2185 2186
f 2129 2186 2130
f 2130 2186 2187
f 2130 2187 2131
f 2131 2187 2188
f 2131 2188 2132
f 2132 2188 2189
f 2132 2189 2133
f 2133 2189 2190
f 2133 2190 2134
f 2134 2190 2191
f 2134 2191 2135
f 2135 2191 2192
f 2135 2192 2136
f 2136 2192 2193
f 2136 2193 2137
f 2137 2193 2194
f 2137 2194 2138
f 2138 2194 2195
f 2138 2195 2139
f 2139 2195 2196
f 2139 2196 2140
f 2140 2196 2197
f 2140 2197 2141
f 2141 2197 2198
f 2141 2198 2142
f 2142 2198 2199
f 2142 2199 2143
f 2143 2199 2200
f 2143 2200 2144
f 2144 2200 2201
f 2144 2201 2145
f 2145 2201 2202
f 2145 2202 2146
f 2146 2202 2203
f 2146 2203 2147
f 2147 2203 2204
f 2147 2204 2148
f 2148 2204 2205
f 2148 2205 2149
f 2149 2205 2206
f 2149 2206 2150
f 2150 2206 2207
f 2150 2207 2151
f 2151 2207 2208
f 2151 2208 2152
f 2152 2208 2209
f 2152 2209 2153
f 2153 2209 2210
f 2153 2210 2154
f 2154 2210 2211
f 2154 2211 2155
f 2155 2211 2212
f 2155 2212 2156
f 2156 2212 2213
f 2156 2213 2157
f 2157 2213 2214
f 2157 2214 2158
f 2158 2214 2215
f 2158 2215 2159
f 2159 2215 2216
f 2159 2216 2160
f 2160 2216 2217
f 2160 2217 2161
f 2161 2217 2218
f 2161 2218 2162
f 2162 2218 2219
f 2162 2219 2163
f 2163 2219 2220
f 2163 2220 2164
f 2164 2220 2221
f 2164 2221 2165
f 2165 2221 2222
f 2165 2222 2166
f 2166 2222 2223
f 2167 2224 2168
f 2168 2224 2225
f 2168 2225 2169
f 2169 2225 2226
f 2169 2226 2170
f 2170 2226 2227
f 2170 2227 2171
f 2171 2227 2228
f 2171 2228 2172
f 2172 2228 2229
f 2172 2229 2173
f 2173 2229 2230
f 2173 2230 2174
f 2174 2230 2231
f 2174 2231 2175
f 2175 2231 2232
f 2175 2232 2176
f 2176 2232 2233
f 2176 2233 2177
f 2177 2233 2234
f 2177 2234 2178
f 2178 2234 2235
f 2178 2235 2179
f 2179 2235 2236
f 2179 2236 2180
f 2180 2236 2237
f 2180 2237 2181
f 2181 2237 2238
f 2181 2238 2182
f 2182 2238 2239
f 2182 2239 2183
f 2183 2239 2240
f 2183 2240 2184
f 2184 2240 2241
f 2184 2241 2185
f 2185 2241 2242
f 2185 2242 2186
f 2186 2242 2243
f 2186 2243 2187
f 2187 2243 2244
f 2187 2244 2188
f 2188 2244 2245
f 2188 2245 2189
f 2189 2245 2246
f 2189 2246 2190
f 2190 2246 2247
f 2190 2247 2191
f 2191 2247 2248
f 2191 2248 2192
f 2192 2248 2249
f 2192 2249 2193
f 2193 2249 2250
f 2193 2250 2194
f 2194 2250 2251
f 2194 2251 2195
f 2195 2251 2252
f 2195 2252 2196
f 2196 2252 2253
f 2196 2253 2197
f 2197 2253 2254
f 2197 2254 2198
f 2198 2254 2255
f 2198 2255 2199
f 2199 2255 2256
f 2199 2256 2200
f 2200 2256 2257
f 2200 2257 2201
f 2201 2257 2258
f 2201 2258 2202
f 2202 2258 2259
f 2202 2259 2203
f 2203 2259 2260
f 2203 2260 2204
f 2204 2260 2261
f 2204 2261 2205
f 2205 2261 2262
f 2205 2262 2206
f 2206 2262 2263
f 2206 2263 2207
f 2207 2263 2264
f 2207 2264 2208
f 2208 2264 2265
f 2208 2265 2209
f 2209 2265 2266
f 2209 2266 2210
f 2210 2266 2267
f 2210 2267 2211
f 2211 2267 2268
f 2211 2268 2212
f 2212 2268 2269
f 2212 2269 2213
f 2213 2269 2270
f 2213 2270 2214
f 2214 2270 2271
f 2214 2271 2215
f 2215 2271 2272
f 2215 2272 2216
f 2216 2272 2273
f 2216 2273 2217
f 2217 2273 2274
f 2217 2274 2218
f 2218 2274 2275
f 2218 2275 2219
f 2219 2275 2276
f 2219 2276 2220
f 2220 2276 2277
f 2220 2277 2221
f 2221 2277 2278
f 2221 2278 2222
f 2222 2278 2279
f 2222 2279 2223
f 2223 2279 2280
f 2224 2281 2225
f 2225 2281 2282
f 2225 2282 2226
f 2226 2282 2283
f 2226 2283 2227
f 2227 2283 2284
f 2227 2284 2228
f 2228 2284 2285
f 2228 2285 2229
f 2229 2285 2286
f 2229 2286 2230
f 2230 2286 2287
f 2230 2287 2231
f 2231 2287 2288
f 2231 2288 2232
f 2232 2288 2289
f 2232 2289 2233
f 2233 2289 2290
f 2233 2290 2234
f 2234 2290 2291
f 2234 2291 2235
f 2235 2291 2292
f 2235 2292 2236
f 2236 2292 2293
f 2236 2293 2237
f 2237 2293 2294
f 2237 2294 2238
f 2238 2294 2295
f 2238 2295 2239
f 2239 2295 2296
f 2239 2296 2240
f 2240 2296 2297
f 2240 2297 2241
f 2241 2297 2298
f 2241 2298 2242
f 2242 2298 2299
f 2242 2299 2243
f 2243 2299 2300
f 2243 2300 2244
f 2244 2300 2301
f 2244 2301 2245
f 2245 2301 2302
f 2245 2302 2246
f 2246 2302 2303
f 2246 2303 2247
f 2247 2303 2304
f 2247 2304 2248
f 2248 2304 2305
f 2248 2305 2249
f 2249 2305 2306
f 2249 2306 2250
f 2250 2306 2307
f 2250 2307 2251
f 2251 2307 2308
f 2251 2308 2252
f 2252 2308 2309
f 2252 2309 2253
f 2253 2309 2310
f 2253 2310 2254
f 2254 2310 2311
f 2254 2311 2255
f 2255 2311 2312
f 2255 2312 2256
f 2256 2312 2313
f 2256 2313 2257
f 2257 2313 2314
f 2257 2314 2258
f 2258 2314 2315
f 2258 2315 2259
f 2259 2315 2316
f 2259 2316 2260
f 2260 2316 2317
f 2260 2317 2261
f 2261 2317 2318
f 2261 2318 2262
f 2262 2318 2319
f 2262 2319 2263
f 2263 2319 2320
f 2263 2320 2264
f 2264 2320 2321
f 2264 2321 2265
f 2265 2321 2322
f 2265 2322 2266
f 2266 2322 2323
f 2266 2323 2267
f 2267 2323 2324
f 2267 2324 2268
f 2268 2324 2325
f 2268 2325 2269
f 2269 2325 2326
f 2269 2326 2270
f 2270 2326 2327
f 2270 2327 2271
f 2271 2327 2328
f 2271 2328 2272
f 2272 2328 2329
f 2272 2329 2273
f 2273 2329 2330
f 2273 2330 2274
f 2274 2330 2331
f 2274 2331 2275
f 2275 2331 2332
f 2275 2332 2276
f 2276 2332 2333
f 2276 2333 2277
f 2277 2333 2334
f 2277 2334 2278
f 2278 2334 2335
f 2278 2335 2279
f 2279 2335 2336
f 2279 2336 2280
f 2280 2336 2337
f 2281 2338 2282
f 2282 2338 2339
f 2282 2339 2283
f 2283 2339 2340
f 2283 2340 2284
f 2284 2340 2341
f 2284 2341 2285
f 2285 2341 2342
f 2285 2342 2286
f 2286 2342 2343
f 2286 2343 2287
f 2287 2343 2344
f 2287 2344 2288
f 2288 2344 2345
f 2288 2345 2289
f 2289 2345 2346
f 2289 2346 2290
f 2290 2346 2347
f 2290 2347 2291
f 2291 2347 2348
f 2291 2348 2292
f 2292 2348 2349
f 2292 2349 2293
f 2293 2349 2350
f 2293 2350 2294
f 2294 2350 2351
f 2294 2351 2295
f 2295 2351 2352
f 2295 2352 2296
f 2296 2352 2353
f 2296 2353 2297
f 2297 2353 2354
f 2297 2354 2298
f 2298 2354 2355
f 2298 2355 2299
f 2299 2355 2356
f 2299 2356 2300
f 2300 2356 2357
f 2300 2357 2301
f 2301 2357 2358
f 2301 2358 2302
f 2302 2358 2359
f 2302 2359 2303
f 2303 2359 2360
f 2303 2360 2304
f 2304 2360 2361
f 2304 2361 2305
f 2305 2361 2362
f 2305 2362 2306
f 2306 2362 2363
f 2306 2363 2307
f 2307 2363 2364
f 2307 2364 2308
f 2308 2364 2365
f 2308 2365 2309
f 2309 2365 2366
f 2309 2366 2310
f 2310 2366 2367
f 2310 2367 2311
f 2311 2367 2368
f 2311 2368 2312
f 2312 2368 2369
f 2312 2369 2313
f 2313 2369 2370
f 2313 2370 2314
f 2314 2370 2371
f 2314 2371 2315
f 2315 2371 2372
f 2315 2372 2316
f 2316 2372 2373
f 2316 2373 2317
f 2317 2373 2374
f 2317 2374 2318
f 2318 2374 2375
f 2318 2375 2319
f 2319 2375 2376
f 2319 2376 2320
f 2320 2376 2377
f 2320 2377 2321
f 2321 2377 2378
f 2321 2378 2322
f 2322 2378 2379
f 2322 2379 2323
f 2323 2379 2380
f 2323 2380 2324
f 2324 2380 2381
f 2324 2381 2325
f 2325 2381 2382
f 2325 2382 2326
f 2326 2382 2383
f 2326 2383 2327
f 2327 2383 2384
f 2327 2384 2328
f 2328 2384 2385
f 2328 2385 2329
f 2329 2385 2386
f 2329 2386 2330
f 2330 2386 2387
f 2330 2387 2331
f 2331 2387 2388
f 2331 2388 2332
f 2332 2388 2389
f 2332 2389 2333
f 2333 2389 2390
f 2333 2390 2334
f 2334 2390 2391
f 2334 2391 2335
f 2335 2391 2392
f 2335 2392 2336
f 2336 2392 2393
f 2336 2393 2337
f 2337 2393 2394
f 2338 2395 2339
f 2339 2395 2396
f 2339 2396 2340
f 2340 2396 2397
f 2340 2397 2341
f 2341 2397 2398
f 2341 2398 2342
f 2342 2398 2399
f 2342 2399 2343
f 2343 2399 2400
f 2343 2400 2344
f 2344 2400 2401
f 2344 2401 2345
f 2345 2401 2402
f 2345 2402 2346
f 2346 2402 2403
f 2346 2403 2347
f 2347 2403 2404
f 2347 2404 2348
f 2348 2404 2405
f 2348 2405 2349
f 2349 2405 2406
f 2349 2406 2350
f 2350 2406 2407
f 2350 2407 2351
f 2351 2407 2408
f 2351 2408 2352
f 2352 2408 2409
f 2352 2409 2353
f 2353 2409 2410
f 2353 2410 2354
f 2354 2410 2411
f 2354 2411 2355
f 2355 2411 2412
f 2355 2412 2356
f 2356 2412 2413
f 2356 2413 2357
f 2357 2413 2414
f 2357 2414 2358
f 2358 2414 2415
f 2358 2415 2359
f 2359 2415 2416
f 2359 2416 2360
f 2360 2416 2417
f 2360 2417 2361
f 2361 2417 2418
f 2361 2418 2362
f 2362 2418 2419
f 2362 2419 2363
f 2363 2419 2420
f 2363 2420 2364
f 2364 2420 2421
f 2364 2421 2365
f 2365 2421 2422
f 2365 2422 2366
f 2366 2422 2423
f 2366 2423 2367
f 2367 2423 2424
f 2367 2424 2368
f 2368 2424 2425
f 2368 2425 2369
f 2369 2425 2426
f 2369 2426 2370
f 2370 2426 2427
f 2370 2427 2371
f 2371 2427 2428
f 2371 2428 2372
f 2372 2428 2429
f 2372 2429 2373
f 2373 2429 2430
f 2373 2430 2374
f 2374 2430 2431
f 2374 2431 2375
f 2375 2431 2432
f 2375 2432 2376
f 2376 2432 2433
f 2376 2433 2377
f 2377 2433 2434
f 2377 2434 2378
f 2378 2434 2435
f 2378 2435 2379
f 2379 2435 2436
f 2379 2436 2380
f 2380 2436 2437
f 2380 2437 2381
f 2381 2437 2438
f 2381 2438 2382
f 2382 2438 2439
f 2382 2439 2383
f 2383 2439 2440
f 2383 2440 2384
f 2384 2440 2441
f 2384 2441 2385
f 2385 2441 2442
f 2385 2442 2386
f 2386 2442 2443
f 2386 2443 2387
f 2387 2443 2444
f 2387 2444 2388
f 2388 2444 2445
f 2388 2445 2389
f 2389 2445 2446
f 2389 2446 2390
f 2390 2446 2447
f 2390 2447 2391
f 2391 2447 2448
f 2391 2448 2392
f 2392 2448 2449
f 2392 2449 2393
f 2393 2449 2450
f 2393 2450 2394
f 2394 2450 2451
f 2395 2452 2396
f 2396 2452 2453
f 2396 2453 2397
f 2397 2453 2454
f 2397 2454 2398
f 2398 2454 2455
f 2398 2455 2399
f 2399 2455 2456
f 2399 2456 2400
f 2400 2456 2457
f 2400 2457 2401
f 2401 2457 2458
f 2401 2458 2402
f 2402 2458 2459
f 2402 2459 2403
f 2403 2459 2460
f 2403 2460 2404
f 2404 2460 2461
f 2404 2461 2405
f 2405 2461 2462
f 2405 2462 2406
f 2406 2462 2463
f 2406 2463 2407
f 2407 2463 2464
f 2407 2464 2408
f 2408 2464 2465
f 2408 2465 2409
f 2409 2465 2466
f 2409 2466 2410
f 2410 2466 2467
f 2410 2467 2411
f 2411 2467 2468
f 2411 2468 2412
f 2412 2468 2469
f 2412 2469 2413
f 2413 2469 2470
f 2413 2470 2414
f 2414 2470 2471
f 2414 2471 2415
f 2415 2471 2472
f 2415 2472 2416
f 2416 2472 2473
f 2416 2473 2417
f 2417 2473 2474
f 2417 2474 2418
f 2418 2474 2475
f 2418 2475 2419
f 2419 2475 2476
f 2419 2476 2420
f 2420 2476 2477
f 2420 2477 2421
f 2421 2477 2478
f 2421 2478 2422
f 2422 2478 2479
f 2422 2479 2423
f 2423 2479 2480
f 2423 2480 2424
f 2424 2480 2481
f 2424 2481 2425
f 2425 2481 2482
f 2425 2482 2426
f 2426 2482 2483
f 2426 2483 2427
f 2427 2483 2484
f 2427 2484 2428
f 2428 2484 2485
f 2428 2485 2429
f 2429 2485 2486
f 2429 2486 2430
f 2430 2486 2487
f 2430 2487 2431
f 2431 2487 2488
f 2431 2488 2432
f 2432 2488 2489
f 2432 2489 2433
f 2433 2489 2490
f 2433 2490 2434
f 2434 2490 2491
f 2434 2491 2435
f 2435 2491 2492
f 2435 2492 2436
f 2436 2492 2493
f 2436 2493 2437
f 2437 2493 2494
f 2437 2494 2438
f 2438 2494 2495
f 2438 2495 2439
f 2439 2495 2496
f 2439 2496 2440
f 2440 2496 2497
f 2440 2497 2441
f 2441 2497 2498
f 2441 2498 2442
f 2442 2498 2499
f 2442 2499 2443
f 2443 2499 2500
f 2443 2500 2444
f 2444 2500 2501
f 2444 2501 2445
f 2445 2501 2502
f 2445 2502 2446
f 2446 2502 2503
f 2446 2503 2447
f 2447 2503 2504
f 2447 2504 2448
f 2448 2504 2505
f 2448 2505 2449
f 2449 2505 2506
f 2449 2506 2450
f 2450 2506 2507
f 2450 2507 2451
f 2451 2507 2508
f 2452 2509 2453
f 2453 2509 2510
f 2453 2510 2454
f 2454 2510 2511
f 2454 2511 2455
f 2455 2511 2512
f 2455 2512 2456
f 2456 2512 2513
f 2456 2513 2457
f 2457 2513 2514
f 2457 2514 2458
f 2458 2514 2515
f 2458 2515 2459
f 2459 2515 2516
f 2459 2516 2460
f 2460 2516 2517
f 2460 2517 2461
f 2461 2517 2518
f 2461 2518 2462
f 2462 2518 2519
f 2462 2519 2463
f 2463 2519 2520
f 2463 2520 2464
f 2464 2520 2521
f 2464 2521 2465
f 2465 2521 2522
f 2465 2522 2466
f 2466 2522 2523
f 2466 2523 2467
f 2467 2523 2524
f 2467 2524 2468
f 2468 2524 2525
f 2468 2525 2469
f 2469 2525 2526
f 2469 2526 2470
f 2470 2526 2527
f 2470 2527 2471
f 2471 2527 2528
f 2471 2528 2472
f 2472 2528 2529
f 2472 2529 2473
f 2473 2529 2530
f 2473 2530 2474
f 2474 2530 2531
f 2474 2531 2475
f 2475 2531 2532
f 2475 2532 2476
f 2476 2532 2533
f 2476 2533 2477
f 2477 2533 2534
f 2477 2534 2478
f 2478 2534 2535
f 2478 2535 2479
f 2479 2535 2536
f 2479 2536 2480
f 2480 2536 2537
f 2480 2537 2481
f 2481 2537 2538
f 2481 2538 2482
f 2482 2538 2539
f 2482 2539 2483
f 2483 2539 2540
f 2483 2540 2484
f 2484 2540 2541
f 2484 2541 2485
f 2485 2541 2542
f 2485 2542 2486
f 2486 2542 2543
f 2486 2543 2487
f 2487 2543 2544
f 2487 2544 2488
f 2488 2544 2545
f 2488 2545 2489
f 2489 2545 2546
f 2489 2546 2490
f 2490 2546 2547
f 2490 2547 2491
f 2491 2547 2548
f 2491 2548 2492
f 2492 2548 2549
f 2492 2549 2493
f 2493 2549 2550
f 2493 2550 2494
f 2494 2550 2551
f 2494 2551 2495
f 2495 2551 2552
f 2495 2552 2496
f 2496 2552 2553
f 2496 2553 2497
f 2497 2553 2554
f 2497 2554 2498
f 2498 2554 2555
f 2498 2555 2499
f 2499 2555 2556
f 2499 2556 2500
f 2500 2556 2557
f 2500 2557 2501
f 2501 2557 2558
f 2501 2558 2502
f 2502 2558 2559
f 2502 2559 2503
f 2503 2559 2560
f 2503 2560 2504
f 2504 2560 2561
f 2504 2561 2505
f 2505 2561 2562
f 2505 2562 2506
f 2506 2562 2563
f 2506 2563 2507
f 2507 2563 2564
f 2507 2564 2508
f 2508 2564 2565
f 2509 2566 2510
f 2510 2566 2567
f 2510 2567 2511
f 2511 2567 2568
f 2511 2568 2512
f 2512 2568 2569
f 2512 2569 2513
f 2513 2569 2570
f 2513 2570 2514
f 2514 2570 2571
f 2514 2571 2515
f 2515 2571 2572
f 2515 2572 2516
f 2516 2572 2573
f 2516 2573 2517
f 2517 2573 2574
f 2517 2574 2518
f 2518 2574 2575
f 2518 2575 2519
f 2519 2575 2576
f 2519 2576 2520
f 2520 2576 2577
f 2520 2577 2521
f 2521 2577 2578
f 2521 2578 2522
f 2522 2578 2579
f 2522 2579 2523
f 2523 2579 2580
f 2523 2580 2524
f 2524 2580 2581
f 2524 2581 2525
f 2525 2581 2582
f 2525 2582 2526
f 2526 2582 2583
f 2526 2583 2527
f 2527 2583 2584
f 2527 2584 2528
f 2528 2584 2585
f 2528 2585 2529
f 2529 2585 2586
f 2529 2586 2530
f 2530 2586 2587
f 2530 2587 2531
f 2531 2587 2588
f 2531 2588 2532
f 2532 2588 2589
f 2532 2589 2533
f 2533 2589 2590
f 2533 2590 2534
f 2534 2590 2591
f 2534 2591 2535
f 2535 2591 2592
f 2535 2592 2536
f 2536 2592 2593
f 2536 2593 2537
f 2537 2593 2594
f 2537 2594 2538
f 2538 2594 2595
f 2538 2595 2539
f 2539 2595 2596
f 2539 2596 2540
f 2540 2596 2597
f 2540 2597 2541
f 2541 2597 2598
f 2541 2598 2542
f 2542 2598 2599
f 2542 2599 2543
f 2543 2599 2600
f 2543 2600 2544
f 2544 2600 2601
f 2544 2601 2545
f 2545 2601 2602
f 2545 2602 2546
f 2546 2602 2603
f 2546 2603 2547
f 2547 2603 2604
f 2547 2604 2548
f 2548 2604 2605
f 2548 2605 2549
f 2549 2605 2606
f 2549 2606 2550
f 2550 2606 2607
f 2550 2607 2551
f 2551 2607 2608
f 2551 2608 2552
f 2552 2608 2609
f 2552 2609 2553
f 2553 2609 2610
f 2553 2610 2554
f 2554 2610 2611
f 2554 2611 2555
f 2555 2611 2612
f 2555 2612 2556
f 2556 2612 2613
f 2556 2613 2557
f 2557 2613 2614
f 2557 2614 2558
f 2558 2614 2615
f 2558 2615 2559
f 2559 2615 2616
f 2559 2616 2560
f 2560 2616 2617
f 2560 2617 2561
f 2561 2617 2618
f 2561 2618 2562
f 2562 2618 2619
f 2562 2619 2563
f 2563 2619 2620
f 2563 2620 2564
f 2564 2620 2621
f 2564 2621 2565
f 2565 2621 2622
f 2566 2623 2567
f 2567 2623 2624
f 2567 2624 2568
f 2568 2624 2625
f 2568 2625 2569
f 2569 2625 2626
f 2569 2626 2570
f 2570 2626 2627
f 2570 2627 2571
f 2571 2627 2628
f 2571 2628 2572
f 2572 2628 2629
f 2572 2629 2573
f 2573 2629 2630
f 2573 2630 2574
f 2574 2630 2631
f 2574 2631 2575
f 2575 2631 2632
f 2575 2632 2576
f 2576 2632 2633
f 2576 2633 2577
f 2577 2633 2634
f 2577 2634 2578
f 2578 2634 2635
f 2578 2635 2579
f 2579 2635 2636
f 2579 2636 2580
f 2580 2636 2637
f 2580 2637 2581
f 2581 2637 2638
f 2581 2638 2582
f 2582 2638 2639
f 2582 2639 2583
f 2583 2639 2640
f 2583 2640 2584
f 2584 2640 2641
f 2584 2641 2585
f 2585 2641 2642
f 2585 2642 2586
f 2586 2642 2643
f 2586 2643 2587
f 2587 2643 2644
f 2587 2644 2588
f 2588 2644 2645
f 2588 2645 2589
f 2589 2645 2646
f 2589 2646 2590
f 2590 2646 2647
f 2590 2647 2591
f 2591 2647 2648
f 2591 2648 2592
f 2592 2648 2649
f 2592 2649 2593
f 2593 2649 2650
f 2593 2650 2594
f 2594 2650 2651
f 2594 2651 2595
f 2595 2651 2652
f 2595 2652 2596
f 2596 2652 2653
f 2596 2653 2597
f 2597 2653 2654
f 2597 2654 2598
f 2598 2654 2655
f 2598 2655 2599
f 2599 2655 2656
f 2599 2656 2600
f 2600 2656 2657
f 2600 2657 2601
f 2601 2657 2658
f 2601 2658 2602
f 2602 2658 2659
f 2602 2659 2603
f 2603 2659 2660
f 2603 2660 2604
f 2604 2660 2661
f 2604 2661 2605
f 2605 2661 2662
f 2605 2662 2606
f 2606 2662 2663
f 2606 2663 2607
f 2607 2663 2664
f 2607 2664 2608
f 2608 2664 2665
f 2608 2665 2609
f 2609 2665 2666
f 2609 2666 2610
f 2610 2666 2667
f 2610 2667 2611
f 2611 2667 2668
f 2611 2668 2612
f 2612 2668 2669
f 2612 2669 2613
f 2613 2669 2670
f 2613 2670 2614
f 2614 2670 2671
f 2614 2671 2615
f 2615 2671 2672
f 2615 2672 2616
f 2616 2672 2673
f 2616 2673 2617
f 2617 2673 2674
f 2617 2674 2618
f 2618 2674 2675
f 2618 2675 2619
f 2619 2675 2676
f 2619 2676 2620
f 2620 2676 2677
f 2620 2677 2621
f 2621 2677 2678
f 2621 2678 2622
f 2622 2678 2679
f 2623 2680 2624
f 2624 2680 2681
f 2624 2681 2625
f 2625 2681 2682
f 2625 2682 2626
f 2626 2682 2683
f 2626 2683 2627
f 2627 2683 2684
f 2627 2684 2628
f 2628 2684 2685
f 2628 2685 2629
f 2629 2685 2686
f 2629 2686 2630
f 2630 2686 2687
f 2630 2687 2631
f 2631 2687 2688
f 2631 2688 2632
f 2632 2688 2689
f 2632 2689 2633
f 2633 2689 2690
f 2633 2690 2634
f 2634 2690 2691
f 2634 2691 2635
f 2635 2691 2692
f 2635 2692 2636
f 2636 2692 2693
f 2636 2693 2637
f 2637 2693 2694
f 2637 2694 2638
f 2638 2694 2695
f 2638 2695 2639
f 2639 2695 2696
f 2639 2696 2640
f 2640 2696 2697
f 2640 2697 2641
f 2641 2697 2698
f 2641 2698 2642
f 2642 2698 2699
f 2642 2699 2643
f 2643 2699 2700
f 2643 2700 2644
f 2644 2700 2701
f 2644 2701 2645
f 2645 2701 2702
f 2645 2702 2646
f 2646 2702 2703
f 2646 2703 2647
f 2647 2703 2704
f 2647 2704 2648
f 2648 2704 2705
f 2648 2705 2649
f 2649 2705 2706
f 2649 2706 2650
f 2650 2706 2707
f 2650 2707 2651
f 2651 2707 2708
f 2651 2708 2652
f 2652 2708 2709
f 2652 2709 2653
f 2653 2709 2710
f 2653 2710 2654
f 2654 2710 2711
f 2654 2711 2655
f 2655 2711 2712
f 2655 2712 2656
f 2656 2712 2713
f 2656 2713 2657
f 2657 2713 2714
f 2657 2714 2658
f 2658 2714 2715
f 2658 2715 2659
f 2659 2715 2716
f 2659 2716 2660
f 2660 2716 2717
f 2660 2717 2661
f 2661 2717 2718
f 2661 2718 2662
f 2662 2718 2719
f 2662 2719 2663
f 2663 2719 2720
f 2663 2720 2664
f 2664 2720 2721
f 2664 2721 2665
f 2665 2721 2722
f 2665 2722 2666
f 2666 2722 2723
f 2666 2723 2667
f 2667 2723 2724
f 2667 2724 2668
f 2668 2724 2725
f 2668 2725 2669
f 2669 2725 2726
f 2669 2726 2670
f 2670 2726 2727
f 2670 2727 2671
f 2671 2727 2728
f 2671 2728 2672
f 2672 2728 2729
f 2672 2729 2673
f 2673 2729 2730
f 2673 2730 2674
f 2674 2730 2731
f 2674 2731 2675
f 2675 2731 2732
f 2675 2732 2676
f 2676 2732 2733
f 2676 2733 2677
f 2677 2733 2734
f 2677 2734 2678
f 2678 2734 2735
f 2678 2735 2679
f 2679 2735 2736
f 2680 2737 2681
f 2681 2737 2738
f 2681 2738 2682
f 2682 2738 2739
f 2682 2739 2683
f 2683 2739 2740
f 2683 2740 2684
f 2684 2740 2741
f 2684 2741 2685
f 2685 2741 2742
f 2685 2742 2686
f 2686 2742 2743
f 2686 2743 2687
f 2687 2743 2744
f 2687 2744 2688
f 2688 2744 2745
f 2688 2745 2689
f 2689 2745 2746
f 2689 2746 2690
f 2690 2746 2747
f 2690 2747 2691
f 2691 2747 2748
f 2691 2748 2692
f 2692 2748 2749
f 2692 2749 2693
f 2693 2749 2750
f 2693 2750 2694
f 2694 2750 2751
f 2694 2751 2695
f 2695 2751 2752
f 2695 2752 2696
f 2696 2752 2753
f 2696 2753 2697
f 2697 2753 2754
f 2697 2754 2698
f 2698 2754 2755
f 2698 2755 2699
f 2699 2755 2756
f 2699 2756 2700
f 2700 2756 2757
f 2700 2757 2701
f 2701 2757 2758
f 2701 2758 2702
f 2702 2758 2759
f 2702 2759 2703
f 2703 2759 2760
f 2703 2760 2704
f 2704 2760 2761
f 2704 2761 2705
f 2705 2761 2762
f 2705 2762 2706
f 2706 2762 2763
f 2706 2763 2707
f 2707 2763 2764
f 2707 2764 2708
f 2708 2764 2765
f 2708 2765 2709
f 2709 2765 2766
f 2709 2766 2710
f 2710 2766 2767
f 2710 2767 2711
f 2711 2767 2768
f 2711 2768 2712
f 2712 2768 2769
f 2712 2769 2713
f 2713 2769 2770
f 2713 2770 2714
f 2714 2770 2771
f 2714 2771 2715
f 2715 2771 2772
f 2715 2772 2716
f 2716 2772 2773
f 2716 2773 2717
f 2717 2773 2774
f 2717 2774 2718
f 2718 2774 2775
f 2718 2775 2719
f 2719 2775 2776
f 2719 2776 2720
f 2720 2776 2777
f 2720 2777 2721
f 2721 2777 2778
f 2721 2778 2722
f 2722 2778 2779
f 2722 2779 2723
f 2723 2779 2780
f 2723 2780 2724
f 2724 2780 2781
f 2724 2781 2725
f 2725 2781 2782
f 2725 2782 2726
f 2726 2782 2783
f 2726 2783 2727
f 2727 2783 2784
f 2727 2784 2728
f 2728 2784 2785
f 2728 2785 2729
f 2729 2785 2786
f 2729 2786 2730
f 2730 2786 2787
f 2730 2787 2731
f 2731 2787 2788
f 2731 2788 2732
f 2732 2788 2789
f 2732 2789 2733
f 2733 2789 2790
f 2733 2790 2734
f 2734 2790 2791
f 2734 2791 2735
f 2735 2791 2792
f 2735 2792 2736
f 2736 2792 2793
f 2737 2794 2738
f 2738 2794 2795
f 2738 2795 2739
f 2739 2795 2796
f 2739 2796 2740
f 2740 2796 2797
f 2740 2797 2741
f 2741 2797 2798
f 2741 2798 2742
f 2742 2798 2799
f 2742 2799 2743
f 2743 2799 2800
f 2743 2800 2744
f 2744 2800 2801
f 2744 2801 2745
f 2745 2801 2802
f 2745 2802 2746
f 2746 2802 2803
f 2746 2803 2747
f 2747 2803 2804
f 2747 2804 2748
f 2748 2804 2805
f 2748 2805 2749
f 2749 2805 2806
f 2749 2806 2750
f 2750 2806 2807
f 2750 2807 2751
f 2751 2807 2808
f 2751 2808 2752
f 2752 2808 2809
f 2752 2809 2753
f 2753 2809 2810
f 2753 2810 2754
f 2754 2810 2811
f 2754 2811 2755
f 2755 2811 2812
f 2755 2812 2756
f 2756 2812 2813
f 2756 2813 2757
f 2757 2813 2814
f 2757 2814 2758
f 2758 2814 2815
f 2758 2815 2759
f 2759 2815 2816
f 2759 2816 2760
f 2760 2816 2817
f 2760 2817 2761
f 2761 2817 2818
f 2761 2818 2762
f 2762 2818 2819
f 2762 2819 2763
f 2763 2819 2820
f 2763 2820 2764
f 2764 2820 2821
f 2764 2821 2765
f 2765 2821 2822
f 2765 2822 2766
f 2766 2822 2823
f 2766 2823 2767
f 2767 2823 2824
f 2767 2824 2768
f 2768 2824 2825
f 2768 2825 2769
f 2769 2825 2826
f 2769 2826 2770
f 2770 2826 2827
f 2770 2827 2771
f 2771 2827 2828
f 2771 2828 2772
f 2772 2828 2829
f 2772 2829 2773
f 2773 2829 2830
f 2773 2830 2774
f 2774 2830 2831
f 2774 2831 2775
f 2775 2831 2832
f 2775 2832 2776
f 2776 2832 2833
f 2776 2833 2777
f 2777 2833 2834
f 2777 2834 2778
f 2778 2834 2835
f 2778 2835 2779
f 2779 2835 2836
f 2779 2836 2780
f 2780 2836 2837
f 2780 2837 2781
f 2781 2837 2838
f 2781 2838 2782
f 2782 2838 2839
f 2782 2839 2783
f 2783 2839 2840
f 2783 2840 2784
f 2784 2840 2841
f 2784 2841 2785
f 2785 2841 2842
f 2785 2842 2786
f 2786 2842 2843
f 2786 2843 2787
f 2787 2843 2844
f 2787 2844 2788
f 2788 2844 2845
f 2788 2845 2789
f 2789 2845 2846
f 2789 2846 2790
f 2790 2846 2847
f 2790 2847 2791
f 2791 2847 2848
f 2791 2848 2792
f 2792 2848 2849
f 2792 2849 2793
f 2793 2849 2850
f 2794 2851 2795
f 2795 2851 2852
f 2795 2852 2796
f 2796 2852 2853
f 2796 2853 2797
f 2797 2853 2854
f 2797 2854 2798
f 2798 2854 2855
f 2798 2855 2799
f 2799 2855 2856
f 2799 2856 2800
f 2800 2856 2857
f 2800 2857 2801
f 2801 2857 2858
f 2801 2858 2802
f 2802 2858 2859
f 2802 2859 2803
f 2803 2859 2860
f 2803 2860 2804
f 2804 2860 2861
f 2804 2861 2805
f 2805 2861 2862
f 2805 2862 2806
f 2806 2862 2863
f 2806 2863 2807
f 2807 2863 2864
f 2807 2864 2808
f 2808 2864 2865
f 2808 2865 2809
f 2809 2865 2866
f 2809 2866 2810
f 2810 2866 2867
f 2810 2867 2811
f 2811 2867 2868
f 2811 2868 2812
f 2812 2868 2869
f 2812 2869 2813
f 2813 2869 2870
f 2813 2870 2814
f 2814 2870 2871
f 2814 2871 2815
f 2815 2871 2872
f 2815 2872 2816
f 2816 2872 2873
f 2816 2873 2817
f 2817 2873 2874
f 2817 2874 2818
f 2818 2874 2875
f 2818 2875 2819
f 2819 2875 2876
f 2819 2876 2820
f 2820 2876 2877
f 2820 2877 2821
f 2821 2877 2878
f 2821 2878 2822
f 2822 2878 2879
f 2822 2879 2823
f 2823 2879 2880
f 2823 2880 2824
f 2824 2880 2881
f 2824 2881 2825
f 2825 2881 2882
f 2825 2882 2826
f 2826 2882 2883
f 2826 2883 2827
f 2827 2883 2884
f 2827 2884 2828
f 2828 2884 2885
f 2828 2885 2829
f 2829 2885 2886
f 2829 2886 2830
f 2830 2886 2887
f 2830 2887 2831
f 2831 2887 2888
f 2831 2888 2832
f 2832 2888 2889
f 2832 2889 2833
f 2833 2889 2890
f 2833 2890 2834
f 2834 2890 2891
f 2834 2891 2835
f 2835 2891 2892
f 2835 2892 2836
f 2836 2892 2893
f 2836 2893 2837
f 2837 2893 2894
f 2837 2894 2838
f 2838 2894 2895
f 2838 2895 2839
f 2839 2895 2896
f 2839 2896 2840
f 2840 2896 2897
f 2840 2897 2841
f 2841 2897 2898
f 2841 2898 2842
f 2842 2898 2899
f 2842 2899 2843
f 2843 2899 2900
f 2843 2900 2844
f 2844 2900 2901
f 2844 2901 2845
f 2845 2901 2902
f 2845 2902 2846
f 2846 2902 2903
f 2846 2903 2847
f 2847 2903 2904
f 2847 2904 2848
f 2848 2904 2905
f 2848 2905 2849
f 2849 2905 2906
f 2849 2906 2850
f 2850 2906 2907
f 2851 2908 2852
f 2852 2908 2909
f 2852 2909 2853
f 2853 2909 2910
f 2853 2910 2854
f 2854 2910 2911
f 2854 2911 2855
f 2855 2911 2912
f 2855 2912 2856
f 2856 2912 2913
f 2856 2913 2857
f 2857 2913 2914
f 2857 2914 2858
f 2858 2914 2915
f 2858 2915 2859
f 2859 2915 2916
f 2859 2916 2860
f 2860 2916 2917
f 2860 2917 2861
f 2861 2917 2918
f 2861 2918 2862
f 2862 2918 2919
f 2862 2919 2863
f 2863 2919 2920
f 2863 2920 2864
f 2864 2920 2921
f 2864 2921 2865
f 2865 2921 2922
f 2865 2922 2866
f 2866 2922 2923
f 2866 2923 2867
f 2867 2923 2924
f 2867 2924 2868
f 2868 2924 2925
f 2868 2925 2869
f 2869 2925 2926
f 2869 2926 2870
f 2870 2926 2927
f 2870 2927 2871
f 2871 2927 2928
f 2871 2928 2872
f 2872 2928 2929
f 2872 2929 2873
f 2873 2929 2930
f 2873 2930 2874
f 2874 2930 2931
f 2874 2931 2875
f 2875 2931 2932
f 2875 2932 2876
f 2876 2932 2933
f 2876 2933 2877
f 2877 2933 2934
f 2877 2934 2878
f 2878 2934 2935
f 2878 2935 2879
f 2879 2935 2936
f 2879 2936 2880
f 2880 2936 2937
f 2880 2937 2881
f 2881 2937 2938
f 2881 2938 2882
f 2882 2938 2939
f 2882 2939 2883
f 2883 2939 2940
f 2883 2940 2884
f 2884 2940 2941
f 2884 2941 2885
f 2885 2941 2942
f 2885 2942 2886
f 2886 2942 2943
f 2886 2943 2887
f 2887 2943 2944
f 2887 2944 2888
f 2888 2944 2945
f 2888 2945 2889
f 2889 2945 2946
f 2889 2946 2890
f 2890 2946 2947
f 2890 2947 2891
f 2891 2947 2948
f 2891 2948 2892
f 2892 2948 2949
f 2892 2949 2893
f 2893 2949 2950
f 2893 2950 2894
f 2894 2950 2951
f 2894 2951 2895
f 2895 2951 2952
f 2895 2952 2896
f 2896 2952 2953
f 2896 2953 2897
f 2897 2953 2954
f 2897 2954 2898
f 2898 2954 2955
f 2898 2955 2899
f 2899 2955 2956
f 2899 2956 2900
f 2900 2956 2957
f 2900 2957 2901
f 2901 2957 2958
f 2901 2958 2902
f 2902 2958 2959
f 2902 2959 2903
f 2903 2959 2960
f 2903 2960 2904
f 2904 2960 2961
f 2904 2961 2905
f 2905 2961 2962
f 2905 2962 2906
f 2906 2962 2963
f 2906 2963 2907
f 2907 2963 2964
f 2908 2965 2909
f 2909 2965 2966
f 2909 2966 2910
f 2910 2966 2967
f 2910 2967 2911
f 2911 2967 2968
f 2911 2968 2912
f 2912 2968 2969
f 2912 2969 2913
f 2913 2969 2970
f 2913 2970 2914
f 2914 2970 2971
f 2914 2971 2915
f 2915 2971 2972
f 2915 2972 2916
f 2916 2972 2973
f 2916 2973 2917
f 2917 2973 2974
f 2917 2974 2918
f 2918 2974 2975
f 2918 2975 2919
f 2919 2975 2976
f 2919 2976 2920
f 2920 2976 2977
f 2920 2977 2921
f 2921 2977 2978
f 2921 2978 2922
f 2922 2978 2979
f 2922 2979 2923
f 2923 2979 2980
f 2923 2980 2924
f 2924 2980 2981
f 2924 2981 2925
f 2925 2981 2982
f 2925 2982 2926
f 2926 2982 2983
f 2926 2983 2927
f 2927 2983 2984
f 2927 2984 2928
f 2928 2984 2985
f 2928 2985 2929
f 2929 2985 2986
f 2929 2986 2930
f 2930 2986 2987
f 2930 2987 2931
f 2931 2987 2988
f 2931 2988 2932
f 2932 2988 2989
f 2932 2989 2933
f 2933 2989 2990
f 2933 2990 2934
f 2934 2990 2991
f 2934 2991 2935
f 2935 2991 2992
f 2935 2992 2936
f 2936 2992 2993
f 2936 2993 2937
f 2937 2993 2994
f 2937 2994 2938
f 2938 2994 2995
f 2938 2995 2939
f 2939 2995 2996
f 2939 2996 2940
f 2940 2996 2997
f 2940 2997 2941
f 2941 2997 2998
f 2941 2998 2942
f 2942 2998 2999
f 2942 2999 2943
f 2943 2999 3000
f 2943 3000 2944
f 2944 3000 3001
f 2944 3001 2945
f 2945 3001 3002
f 2945 3002 2946
f 2946 3002 3003
f 2946 3003 2947
f 2947 3003 3004
f 2947 3004 2948
f 2948 3004 3005
f 2948 3005 2949
f 2949 3005 3006
f 2949 3006 2950
f 2950 3006 3007
f 2950 3007 2951
f 2951 3007 3008
f 2951 3008 2952
f 2952 3008 3009
f 2952 3009 2953
f 2953 3009 3010
f 2953 3010 2954
f 2954 3010 3011
f 2954 3011 2955
f 2955 3011 3012
f 2955 3012 2956
f 2956 3012 3013
f 2956 3013 2957
f 2957 3013 3014
f 2957 3014 2958
f 2958 3014 3015
f 2958 3015 2959
f 2959 3015 3016
f 2959 3016 2960
f 2960 3016 3017
f 2960 3017 2961
f 2961 3017 3018
f 2961 3018 2962
f 2962 3018 3019
f 2962 3019 2963
f 2963 3019 3020
f 2963 3020 2964
f 2964 3020 3021
f 2965 3022 2966
f 2966 3022 3023
f 2966 3023 2967
f 2967 3023 3024
f 2967 3024 2968
f 2968 3024 3025
f 2968 3025 2969
f 2969 3025 3026
f 2969 3026 2970
f 2970 3026 3027
f 2970 3027 2971
f 2971 3027 3028
f 2971 3028 2972
f 2972 3028 3029
f 2972 3029 2973
f 2973 3029 3030
f 2973 3030 2974
f 2974 3030 3031
f 2974 3031 2975
f 2975 3031 3032
f 2975 3032 2976
f 2976 3032 3033
f 2976 3033 2977
f 2977 3033 3034
f 2977 3034 2978
f 2978 3034 3035
f 2978 3035 2979
f 2979 3035 3036
f 2979 3036 2980
f 2980 3036 3037
f 2980 3037 2981
f 2981 3037 3038
f 2981 3038 2982
f 2982 3038 3039
f 2982 3039 2983
f 2983 3039 3040
f 2983 3040 2984
f 2984 3040 3041
f 2984 3041 2985
f 2985 3041 3042
f 2985 3042 2986
f 2986 3042 3043
f 2986 3043 2987
f 2987 3043 3044
f 2987 3044 2988
f 2988 3044 3045
f 2988 3045 2989
f 2989 3045 3046
f 2989 3046 2990
f 2990 3046 3047
f 2990 3047 2991
f 2991 3047 3048
f 2991 3048 2992
f 2992 3048 3049
f 2992 3049 2993
f 2993 3049 3050
f 2993 3050 2994
f 2994 3050 3051
f 2994 3051 2995
f 2995 3051 3052
f 2995 3052 2996
f 2996 3052 3053
f 2996 3053 2997
f 2997 3053 3054
f 2997 3054 2998
f 2998 3054 3055
f 2998 3055 2999
f 2999 3055 3056
f 2999 3056 3000
f 3000 3056 3057
f 3000 3057 3001
f 3001 3057 3058
f 3001 3058 3002
f 3002 3058 3059
f 3002 3059 3003
f 3003 3059 3060
f 3003 3060 3004
f 3004 3060 3061
f 3004 3061 3005
f 3005 3061 3062
f 3005 3062 3006
f 3006 3062 3063
f 3006 3063 3007
f 3007 3063 3064
f 3007 3064 3008
f 3008 3064 3065
f 3008 3065 3009
f 3009 3065 3066
f 3009 3066 3010
f 3010 3066 3067
f 3010 3067 3011
f 3011 3067 3068
f 3011 3068 3012
f 3012 3068 3069
f 3012 3069 3013
f 3013 3069 3070
f 3013 3070 3014
f 3014 3070 3071
f 3014 3071 3015
f 3015 3071 3072
f 3015 3072 3016
f 3016 3072 3073
f 3016 3073 3017
f 3017 3073 3074
f 3017 3074 3018
f 3018 3074 3075
f 3018 3075 3019
f 3019 3075 3076
f 3019 3076 3020
f 3020 3076 3077
f 3020 3077 3021
f 3021 3077 3078
f 3022 3079 3023
f 3023 3079 3080
f 3023 3080 3024
f 3024 3080 3081
f 3024 3081 3025
f 3025 3081 3082
f 3025 3082 3026
f 3026 3082 3083
f 3026 3083 3027
f 3027 3083 3084
f 3027 3084 3028
f 3028 3084 3085
f 3028 3085 3029
f 3029 3085 3086
f 3029 3086 3030
f 3030 3086 3087
f 3030 3087 3031
f 3031 3087 3088
f 3031 3088 3032
f 3032 3088 3089
f 3032 3089 3033
f 3033 3089 3090
f 3033 3090 3034
f 3034 3090 3091
f 3034 3091 3035
f 3035 3091 3092
f 3035 3092 3036
f 3036 3092 3093
f 3036 3093 3037
f 3037 3093 3094
f 3037 3094 3038
f 3038 3094 3095
f 3038 3095 3039
f 3039 3095 3096
f 3039 3096 3040
f 3040 3096 3097
f 3040 3097 3041
f 3041 3097 3098
f 3041 3098 3042
f 3042 3098 3099
f 3042 3099 3043
f 3043 3099 3100
f 3043 3100 3044
f 3044 3100 3101
f 3044 3101 3045
f 3045 3101 3102
f 3045 3102 3046
f 3046 3102 3103
f 3046 3103 3047
f 3047 3103 3104
f 3047 3104 3048
f 3048 3104 3105
f 3048 3105 3049
f 3049 3105 3106
f 3049 3106 3050
f 3050 3106 3107
f 3050 3107 3051
f 3051 3107 3108
f 3051 3108 3052
f 3052 3108 3109
f 3052 3109 3053
f 3053 3109 3110
f 3053 3110 3054
f 3054 3110 3111
f 3054 3111 3055
f 3055 3111 3112
f 3055 3112 3056
f 3056 3112 3113
f 3056 3113 3057
f 3057 3113 3114
f 3057 3114 3058
f 3058 3114 3115
f 3058 3115 3059
f 3059 3115 3116
f 3059 3116 3060
f 3060 3116 3117
f 3060 3117 3061
f 3061 3117 3118
f 3061 3118 3062
f 3062 3118 3119
f 3062 3119 3063
f 3063 3119 3120
f 3063 3120 3064
f 3064 3120 3121
f 3064 3121 3065
f 3065 3121 3122
f 3065 3122 3066
f 3066 3122 3123
f 3066 3123 3067
f 3067 3123 3124
f 3067 3124 3068
f 3068 3124 3125
f 3068 3125 3069
f 3069 3125 3126
f 3069 3126 3070
f 3070 3126 3127
f 3070 3127 3071
f 3071 3127 3128
f 3071 3128 3072
f 3072 3128 3129
f 3072 3129 3073
f 3073 3129 3130
f 3073 3130 3074
f 3074 3130 3131
f 3074 3131 3075
f 3075 3131 3132
f 3075 3132 3076
f 3076 3132 3133
f 3076 3133 3077
f 3077 3133 3134
f 3077 3134 3078
f 3078 3134 3135
f 3079 3136 3080
f 3080 3136 3137
f 3080 3137 3081
f 3081 3137 3138
f 3081 3138 3082
f 3082 3138 3139
f 3082 3139 3083
f 3083 3139 3140
f 3083 3140 3084
f 3084 3140 3141
f 3084 3141 3085
f 3085 3141 3142
f 3085 3142 3086
f 3086 3142 3143
f 3086 3143 3087
f 3087 3143 3144
f 3087 3144 3088
f 3088 3144 3145
f 3088 3145 3089
f 3089 3145 3146
f 3089 3146 3090
f 3090 3146 3147
f 3090 3147 3091
f 3091 3147 3148
f 3091 3148 3092
f 3092 3148 3149
f 3092 3149 3093
f 3093 3149 3150
f 3093 3150 3094
f 3094 3150 3151
f 3094 3151 3095
f 3095 3151 3152
f 3095 3152 3096
f 3096 3152 3153
f 3096 3153 3097
f 3097 3153 3154
f 3097 3154 3098
f 3098 3154 3155
f 3098 3155 3099
f 3099 3155 3156
f 3099 3156 3100
f 3100 3156 3157
f 3100 3157 3101
f 3101 3157 3158
f 3101 3158 3102
f 3102 3158 3159
f 3102 3159 3103
f 3103 3159 3160
f 3103 3160 3104
f 3104 3160 3161
f 3104 3161 3105
f 3105 3161 3162
f 3105 3162 3106
f 3106 3162 3163
f 3106 3163 3107
f 3107 3163 3164
f 3107 3164 3108
f 3108 3164 3165
f 3108 3165 3109
f 3109 3165 3166
f 3109 3166 3110
f 3110 3166 3167
f 3110 3167 3111
f 3111 3167 3168
f 3111 3168 3112
f 3112 3168 3169
f 3112 3169 3113
f 3113 3169 3170
f 3113 3170 3114
f 3114 3170 3171
f 3114 3171 3115
f 3115 3171 3172
f 3115 3172 3116
f 3116 3172 3173
f 3116 3173 3117
f 3117 3173 3174
f 3117 3174 3118
f 3118 3174 3175
f 3118 3175 3119
f 3119 3175 3176
f 3119 3176 3120
f 3120 3176 3177
f 3120 3177 3121
f 3121 3177 3178
f 3121 3178 3122
f 3122 3178 3179
f 3122 3179 3123
f 3123 3179 3180
f 3123 3180 3124
f 3124 3180 3181
f 3124 3181 3125
f 3125 3181 3182
f 3125 3182 3126
f 3126 3182 3183
f 3126 3183 3127
f 3127 3183 3184
f 3127 3184 3128
f 3128 3184 3185
f 3128 3185 3129
f 3129 3185 3186
f 3129 3186 3130
f 3130 3186 3187
f 3130 3187 3131
f 3131 3187 3188
f 3131 3188 3132
f 3132 3188 3189
f 3132 3189 3133
f 3133 3189 3190
f 3133 3190 3134
f 3134 3190 3191
f 3134 3191 3135
f 3135 3191 3192
f 3136 3193 3137
f 3137 3193 3194
f 3137 3194 3138
f 3138 3194 3195
f 3138 3195 3139
f 3139 3195 3196
f 3139 3196 3140
f 3140 3196 3197
f 3140 3197 3141
f 3141 3197 3198
f 3141 3198 3142
f 3142 3198 3199
f 3142 3199 3143
f 3143 3199 3200
f 3143 3200 3144
f 3144 3200 3201
f 3144 3201 3145
f 3145 3201 3202
f 3145 3202 3146
f 3146 3202 3203
f 3146 3203 3147
f 3147 3203 3204
f 3147 3204 3148
f 3148 3204 3205
f 3148 3205 3149
f 3149 3205 3206
f 3149 3206 3150
f 3150 3206 3207
f 3150 3207 3151
f 3151 3207 3208
f 3151 3208 3152
f 3152 3208 3209
f 3152 3209 3153
f 3153 3209 3210
f 3153 3210 3154
f 3154 3210 3211
f 3154 3211 3155
f 3155 3211 3212
f 3155 3212 3156
f 3156 3212 3213
f 3156 3213 3157
f 3157 3213 3214
f 3157 3214 3158
f 3158 3214 3215
f 3158 3215 3159
f 3159 3215 3216
f 3159 3216 3160
f 3160 3216 3217
f 3160 3217 3161
f 3161 3217 3218
f 3161 3218 3162
f 3162 3218 3219
f 3162 3219 3163
f 3163 3219 3220
f 3163 3220 3164
f 3164 3220 3221
f 3164 3221 3165
f 3165 3221 3222
f 3165 3222 3166
f 3166 3222 3223
f 3166 3223 3167
f 3167 3223 3224
f 3167 3224 3168
f 3168 3224 3225
f 3168 3225 3169
f 3169 3225 3226
f 3169 3226 3170
f 3170 3226 3227
f 3170 3227 3171
f 3171 3227 3228
f 3171 3228 3172
f 3172 3228 3229
f 3172 3229 3173
f 3173 3229 3230
f 3173 3230 3174
f 3174 3230 3231
f 3174 3231 3175
f 3175 3231 3232
f 3175 3232 3176
f 3176 3232 3233
f 3176 3233 3177
f 3177 3233 3234
f 3177 3234 3178
f 3178 3234 3235
f 3178 3235 3179
f 3179 3235 3236
f 3179 3236 3180
f 3180 3236 3237
f 3180 3237 3181
f 3181 3237 3238
f 3181 3238 3182
f 3182 3238 3239
f 3182 3239 3183
f 3183 3239 3240
f 3183 3240 3184
f 3184 3240 3241
f 3184 3241 3185
f 3185 3241 3242
f 3185 3242 3186
f 3186 3242 3243
f 3186 3243 3187
f 3187 3243 3244
f 3187 3244 3188
f 3188 3244 3245
f 3188 3245 3189
f 3189 3245 3246
f 3189 3246 3190
f 3190 3246 3247
f 3190 3247 3191
f 3191 3247 3248
f 3191 3248 3192
f 3192 3248 3249
